Temperature,Heat Capacity (Normalized),Enthalpy
5,1.79,0
5.1,1.794,0.1794
5.2,1.795,0.3589
5.3,1.799,0.5388
5.4,1.801,0.7189
5.5,1.803,0.8992
5.6,1.806,1.0798
5.7,1.81,1.2608
5.8,1.81,1.4418
5.9,1.814,1.6232
6,1.814,1.8046
6.1,1.816,1.9862
6.2,1.816,2.1678
6.3,1.82,2.3498
6.4,1.821,2.5319
6.5,1.823,2.7142
6.6,1.825,2.8967
6.7,1.825,3.0792
6.8,1.828,3.262
6.9,1.827,3.4447
7,1.83,3.6277
7.1,1.83,3.8107
7.2,1.833,3.994
7.3,1.832,4.1772
7.4,1.834,4.3606
7.5,1.836,4.5442
7.6,1.835,4.7277
7.7,1.837,4.9114
7.8,1.836,5.095
7.9,1.838,5.2788
8,1.838,5.4626
8.1,1.84,5.6466
8.2,1.841,5.8307
8.3,1.843,6.015
8.4,1.843,6.1993
8.5,1.844,6.3837
8.6,1.844,6.5681
8.7,1.846,6.7527
8.8,1.848,6.9375
8.9,1.847,7.1222
9,1.85,7.3072
9.1,1.848,7.492
9.2,1.85,7.677
9.3,1.849,7.8619
9.4,1.852,8.0471
9.5,1.851,8.2322
9.6,1.853,8.4175
9.7,1.852,8.6027
9.8,1.853,8.788
9.9,1.855,8.9735
10,1.855,9.159
10.1,1.857,9.3447
10.2,1.857,9.5304
10.3,1.859,9.7163
10.4,1.859,9.9022
10.5,1.86,10.0882
10.6,1.86,10.2742
10.7,1.862,10.4604
10.8,1.861,10.6465
10.9,1.86,10.8325
11,1.862,11.0187
11.1,1.863,11.205
11.2,1.864,11.3914
11.3,1.864,11.5778
11.4,1.864,11.7642
11.5,1.865,11.9507
11.6,1.864,12.1371
11.7,1.866,12.3237
11.8,1.867,12.5104
11.9,1.867,12.6971
12,1.866,12.8837
12.1,1.867,13.0704
12.2,1.867,13.2571
12.3,1.869,13.444
12.4,1.869,13.6309
12.5,1.869,13.8178
12.6,1.87,14.0048
12.7,1.869,14.1917
12.8,1.87,14.3787
12.9,1.872,14.5659
13,1.871,14.753
13.1,1.873,14.9403
13.2,1.874,15.1277
13.3,1.873,15.315
13.4,1.876,15.5026
13.5,1.876,15.6902
13.6,1.877,15.8779
13.7,1.878,16.0657
13.8,1.878,16.2535
13.9,1.879,16.4414
14,1.881,16.6295
14.1,1.881,16.8176
14.2,1.88,17.0056
14.3,1.882,17.1938
14.4,1.881,17.3819
14.5,1.884,17.5703
14.6,1.884,17.7587
14.7,1.882,17.9469
14.8,1.885,18.1354
14.9,1.885,18.3239
15,1.887,18.5126
15.1,1.886,18.7012
15.2,1.888,18.89
15.3,1.887,19.0787
15.4,1.889,19.2676
15.5,1.89,19.4566
15.6,1.891,19.6457
15.7,1.892,19.8349
15.8,1.892,20.0241
15.9,1.891,20.2132
16,1.892,20.4024
16.1,1.894,20.5918
16.2,1.892,20.781
16.3,1.895,20.9705
16.4,1.896,21.1601
16.5,1.897,21.3498
16.6,1.897,21.5395
16.7,1.898,21.7293
16.8,1.898,21.9191
16.9,1.903,22.1094
17,1.901,22.2995
17.1,1.902,22.4897
17.2,1.904,22.6801
17.3,1.903,22.8704
17.4,1.902,23.0606
17.5,1.904,23.251
17.6,1.903,23.4413
17.7,1.904,23.6317
17.8,1.906,23.8223
17.9,1.906,24.0129
18,1.908,24.2037
18.1,1.908,24.3945
18.2,1.911,24.5856
18.3,1.91,24.7766
18.4,1.912,24.9678
18.5,1.912,25.159
18.6,1.914,25.3504
18.7,1.915,25.5419
18.8,1.914,25.7333
18.9,1.914,25.9247
19,1.916,26.1163
19.1,1.917,26.308
19.2,1.918,26.4998
19.3,1.919,26.6917
19.4,1.92,26.8837
19.5,1.922,27.0759
19.6,1.923,27.2682
19.7,1.925,27.4607
19.8,1.925,27.6532
19.9,1.927,27.8459
20,1.926,28.0385
20.1,1.929,28.2314
20.2,1.929,28.4243
20.3,1.931,28.6174
20.4,1.932,28.8106
20.5,1.932,29.0038
20.6,1.934,29.1972
20.7,1.934,29.3906
20.8,1.936,29.5842
20.9,1.937,29.7779
21,1.938,29.9717
21.1,1.939,30.1656
21.2,1.94,30.3596
21.3,1.943,30.5539
21.4,1.944,30.7483
21.5,1.946,30.9429
21.6,1.946,31.1375
21.7,1.949,31.3324
21.8,1.95,31.5274
21.9,1.95,31.7224
22,1.952,31.9176
22.1,1.953,32.1129
22.2,1.956,32.3085
22.3,1.957,32.5042
22.4,1.96,32.7002
22.5,1.962,32.8964
22.6,1.962,33.0926
22.7,1.963,33.2889
22.8,1.968,33.4857
22.9,1.968,33.6825
23,1.973,33.8798
23.1,1.973,34.0771
23.2,1.975,34.2746
23.3,1.977,34.4723
23.4,1.978,34.6701
23.5,1.979,34.868
23.6,1.983,35.0663
23.7,1.985,35.2648
23.8,1.985,35.4633
23.9,1.989,35.6622
24,1.991,35.8613
24.1,1.993,36.0606
24.2,1.996,36.2602
24.3,1.999,36.4601
24.4,2.003,36.6604
24.5,2.005,36.8609
24.6,2.007,37.0616
24.7,2.011,37.2627
24.8,2.014,37.4641
24.9,2.015,37.6656
25,2.019,37.8675
25.1,2.023,38.0698
25.2,2.024,38.2722
25.3,2.028,38.475
25.4,2.03,38.678
25.5,2.037,38.8817
25.6,2.041,39.0858
25.7,2.045,39.2903
25.8,2.05,39.4953
25.9,2.055,39.7008
26,2.061,39.9069
26.1,2.068,40.1137
26.2,2.073,40.321
26.3,2.077,40.5287
26.4,2.084,40.7371
26.5,2.094,40.9465
26.6,2.098,41.1563
26.7,2.107,41.367
26.8,2.12,41.579
26.9,2.125,41.7915
27,2.137,42.0052
27.1,2.146,42.2198
27.2,2.163,42.4361
27.3,2.178,42.6539
27.4,2.197,42.8736
27.5,2.217,43.0953
27.6,2.23,43.3183
27.7,2.253,43.5436
27.8,2.265,43.7701
27.9,2.287,43.9988
28,2.302,44.229
28.1,2.325,44.4615
28.2,2.35,44.6965
28.3,2.366,44.9331
28.4,2.392,45.1723
28.5,2.41,45.4133
28.6,2.438,45.6571
28.7,2.461,45.9032
28.8,2.499,46.1531
28.9,2.525,46.4056
29,2.544,46.66
29.1,2.569,46.9169
29.2,2.597,47.1766
29.3,2.608,47.4374
29.4,2.642,47.7016
29.5,2.662,47.9678
29.6,2.696,48.2374
29.7,2.725,48.5099
29.8,2.761,48.786
29.9,2.775,49.0635
30,2.808,49.3443
30.1,2.834,49.6277
30.2,2.856,49.9133
30.3,2.882,50.2015
30.4,2.903,50.4918
30.5,2.941,50.7859
30.6,2.975,51.0834
30.7,2.991,51.3825
30.8,3.027,51.6852
30.9,3.052,51.9904
31,3.072,52.2976
31.1,3.116,52.6092
31.2,3.145,52.9237
31.3,3.167,53.2404
31.4,3.194,53.5598
31.5,3.229,53.8827
31.6,3.246,54.2073
31.7,3.294,54.5367
31.8,3.31,54.8677
31.9,3.331,55.2008
32,3.35,55.5358
32.1,3.396,55.8754
32.2,3.417,56.2171
32.3,3.448,56.5619
32.4,3.47,56.9089
32.5,3.494,57.2583
32.6,3.523,57.6106
32.7,3.55,57.9656
32.8,3.583,58.3239
32.9,3.604,58.6843
33,3.643,59.0486
33.1,3.664,59.415
33.2,3.697,59.7847
33.3,3.726,60.1573
33.4,3.744,60.5317
33.5,3.784,60.9101
33.6,3.802,61.2903
33.7,3.84,61.6743
33.8,3.871,62.0614
33.9,3.885,62.4499
34,3.918,62.8417
34.1,3.946,63.2363
34.2,3.962,63.6325
34.3,3.989,64.0314
34.4,4.021,64.4335
34.5,4.048,64.8383
34.6,4.096,65.2479
34.7,4.109,65.6588
34.8,4.13,66.0718
34.9,4.148,66.4866
35,4.166,66.9032
35.1,4.176,67.3208
35.2,4.197,67.7405
35.3,4.209,68.1614
35.4,4.223,68.5837
35.5,4.24,69.0077
35.6,4.254,69.4331
35.7,4.274,69.8605
35.8,4.283,70.2888
35.9,4.288,70.7176
36,4.294,71.147
36.1,4.298,71.5768
36.2,4.303,72.0071
36.3,4.308,72.4379
36.4,4.311,72.869
36.5,4.314,73.3004
36.6,4.317,73.7321
36.7,4.318,74.1639
36.8,4.315,74.5954
36.9,4.316,75.027
37,4.317,75.4587
37.1,4.309,75.8896
37.2,4.305,76.3201
37.3,4.288,76.7489
37.4,4.256,77.1745
37.5,4.228,77.5973
37.6,4.174,78.0147
37.7,4.121,78.4268
37.8,4.052,78.832
37.9,3.979,79.2299
38,3.919,79.6218
38.1,3.841,80.0059
38.2,3.774,80.3833
38.3,3.703,80.7536
38.4,3.621,81.1157
38.5,3.535,81.4692
38.6,3.483,81.8175
38.7,3.402,82.1577
38.8,3.334,82.4911
38.9,3.242,82.8153
39,3.194,83.1347
39.1,3.143,83.449
39.2,3.066,83.7556
39.3,3.018,84.0574
39.4,2.973,84.3547
39.5,2.915,84.6462
39.6,2.86,84.9322
39.7,2.821,85.2143
39.8,2.789,85.4932
39.9,2.761,85.7693
40,2.737,86.043
40.1,2.706,86.3136
40.2,2.685,86.5821
40.3,2.658,86.8479
40.4,2.631,87.111
40.5,2.618,87.3728
40.6,2.605,87.6333
40.7,2.581,87.8914
40.8,2.571,88.1485
40.9,2.567,88.4052
41,2.557,88.6609
41.1,2.553,88.9162
41.2,2.544,89.1706
41.3,2.541,89.4247
41.4,2.535,89.6782
41.5,2.532,89.9314
41.6,2.526,90.184
41.7,2.522,90.4362
41.8,2.515,90.6877
41.9,2.513,90.939
42,2.508,91.1898
42.1,2.503,91.4401
42.2,2.5,91.6901
42.3,2.494,91.9395
42.4,2.493,92.1888
42.5,2.491,92.4379
42.6,2.487,92.6866
42.7,2.485,92.9351
42.8,2.485,93.1836
42.9,2.484,93.432
43,2.482,93.6802
43.1,2.483,93.9285
43.2,2.48,94.1765
43.3,2.482,94.4247
43.4,2.483,94.673
43.5,2.482,94.9212
43.6,2.482,95.1694
43.7,2.481,95.4175
43.8,2.483,95.6658
43.9,2.485,95.9143
44,2.486,96.1629
44.1,2.488,96.4117
44.2,2.491,96.6608
44.3,2.494,96.9102
44.4,2.495,97.1597
44.5,2.499,97.4096
44.6,2.503,97.6599
44.7,2.509,97.9108
44.8,2.513,98.1621
44.9,2.519,98.414
45,2.525,98.6665
45.1,2.531,98.9196
45.2,2.539,99.1735
45.3,2.548,99.4283
45.4,2.555,99.6838
45.5,2.573,99.9411
45.6,2.587,100.1998
45.7,2.605,100.4603
45.8,2.623,100.7226
45.9,2.644,100.987
46,2.676,101.2546
46.1,2.689,101.5235
46.2,2.713,101.7948
46.3,2.742,102.069
46.4,2.766,102.3456
46.5,2.805,102.6261
46.6,2.835,102.9096
46.7,2.875,103.1971
46.8,2.91,103.4881
46.9,2.946,103.7827
47,2.999,104.0826
47.1,3.039,104.3865
47.2,3.081,104.6946
47.3,3.135,105.0081
47.4,3.183,105.3264
47.5,3.258,105.6522
47.6,3.317,105.9839
47.7,3.358,106.3197
47.8,3.433,106.663
47.9,3.491,107.0121
48,3.575,107.3696
48.1,3.648,107.7344
48.2,3.724,108.1068
48.3,3.778,108.4846
48.4,3.87,108.8716
48.5,3.97,109.2686
48.6,4.026,109.6712
48.7,4.139,110.0851
48.8,4.228,110.5079
48.9,4.315,110.9394
49,4.421,111.3815
49.1,4.503,111.8318
49.2,4.633,112.2951
49.3,4.729,112.768
49.4,4.828,113.2508
49.5,4.954,113.7462
49.6,5.06,114.2522
49.7,5.163,114.7685
49.8,5.31,115.2995
49.9,5.424,115.8419
50,5.546,116.3965
50.1,5.648,116.9613
50.2,5.778,117.5391
50.3,5.875,118.1266
50.4,6.021,118.7287
50.5,6.152,119.3439
50.6,6.263,119.9702
50.7,6.415,120.6117
50.8,6.531,121.2648
50.9,6.673,121.9321
51,6.798,122.6119
51.1,6.956,123.3075
51.2,7.072,124.0147
51.3,7.208,124.7355
51.4,7.338,125.4693
51.5,7.491,126.2184
51.6,7.632,126.9816
51.7,7.747,127.7563
51.8,7.863,128.5426
51.9,8.009,129.3435
52,8.166,130.1601
52.1,8.268,130.9869
52.2,8.449,131.8318
52.3,8.575,132.6893
52.4,8.703,133.5596
52.5,8.838,134.4434
52.6,9.001,135.3435
52.7,9.1,136.2535
52.8,9.258,137.1793
52.9,9.399,138.1192
53,9.519,139.0711
53.1,9.678,140.0389
53.2,9.818,141.0207
53.3,9.957,142.0164
53.4,10.081,143.0245
53.5,10.204,144.0449
53.6,10.351,145.08
53.7,10.504,146.1304
53.8,10.627,147.1931
53.9,10.763,148.2694
54,10.908,149.3602
54.1,11.058,150.466
54.2,11.176,151.5836
54.3,11.318,152.7154
54.4,11.422,153.8576
54.5,11.585,155.0161
54.6,11.71,156.1871
54.7,11.837,157.3708
54.8,11.962,158.567
54.9,12.109,159.7779
55,12.25,161.0029
55.1,12.353,162.2382
55.2,12.482,163.4864
55.3,12.62,164.7484
55.4,12.72,166.0204
55.5,12.827,167.3031
55.6,12.933,168.5964
55.7,13.036,169.9
55.8,13.086,171.2086
55.9,13.168,172.5254
56,13.204,173.8458
56.1,13.222,175.168
56.2,13.247,176.4927
56.3,13.236,177.8163
56.4,13.248,179.1411
56.5,13.207,180.4618
56.6,13.176,181.7794
56.7,13.125,183.0919
56.8,13.078,184.3997
56.9,12.984,185.6981
57,12.849,186.983
57.1,12.644,188.2474
57.2,12.405,189.4879
57.3,12.153,190.7032
57.4,11.798,191.883
57.5,11.413,193.0243
57.6,10.948,194.1191
57.7,10.354,195.1545
57.8,9.75,196.1295
57.9,9.049,197.0344
58,8.345,197.8689
58.1,7.642,198.6331
58.2,6.923,199.3254
58.3,6.315,199.9569
58.4,5.78,200.5349
58.5,5.311,201.066
58.6,4.921,201.5581
58.7,4.586,202.0167
58.8,4.276,202.4443
58.9,4.012,202.8455
59,3.805,203.226
59.1,3.593,203.5853
59.2,3.423,203.9276
59.3,3.265,204.2541
59.4,3.125,204.5666
59.5,3.007,204.8673
59.6,2.878,205.1551
59.7,2.777,205.4328
59.8,2.688,205.7016
59.9,2.608,205.9624
60,2.54,206.2164
60.1,2.499,206.4663
60.2,2.435,206.7098
60.3,2.391,206.9489
60.4,2.36,207.1849
60.5,2.312,207.4161
60.6,2.293,207.6454
60.7,2.266,207.872
60.8,2.248,208.0968
60.9,2.216,208.3184
61,2.212,208.5396
61.1,2.185,208.7581
61.2,2.172,208.9753
61.3,2.166,209.1919
61.4,2.164,209.4083
61.5,2.154,209.6237
61.6,2.149,209.8386
61.7,2.144,210.053
61.8,2.142,210.2672
61.9,2.135,210.4807
62,2.132,210.6939
62.1,2.13,210.9069
62.2,2.128,211.1197
62.3,2.125,211.3322
62.4,2.122,211.5444
62.5,2.118,211.7562
62.6,2.116,211.9678
62.7,2.113,212.1791
62.8,2.11,212.3901
62.9,2.107,212.6008
63,2.106,212.8114
63.1,2.103,213.0217
63.2,2.1,213.2317
63.3,2.097,213.4414
63.4,2.096,213.651
63.5,2.094,213.8604
63.6,2.093,214.0697
63.7,2.093,214.279
63.8,2.091,214.4881
63.9,2.09,214.6971
64,2.088,214.9059
64.1,2.087,215.1146
64.2,2.085,215.3231
64.3,2.085,215.5316
64.4,2.083,215.7399
64.5,2.082,215.9481
64.6,2.082,216.1563
64.7,2.08,216.3643
64.8,2.078,216.5721
64.9,2.078,216.7799
65,2.078,216.9877
65.1,2.075,217.1952
65.2,2.075,217.4027
65.3,2.072,217.6099
65.4,2.072,217.8171
65.5,2.073,218.0244
65.6,2.07,218.2314
65.7,2.07,218.4384
65.8,2.068,218.6452
65.9,2.066,218.8518
66,2.065,219.0583
66.1,2.064,219.2647
66.2,2.064,219.4711
66.3,2.063,219.6774
66.4,2.063,219.8837
66.5,2.06,220.0897
66.6,2.061,220.2958
66.7,2.06,220.5018
66.8,2.06,220.7078
66.9,2.06,220.9138
67,2.061,221.1199
67.1,2.061,221.326
67.2,2.059,221.5319
67.3,2.059,221.7378
67.4,2.059,221.9437
67.5,2.058,222.1495
67.6,2.058,222.3553
67.7,2.056,222.5609
67.8,2.056,222.7665
67.9,2.056,222.9721
68,2.055,223.1776
68.1,2.056,223.3832
68.2,2.057,223.5889
68.3,2.057,223.7946
68.4,2.055,224.0001
68.5,2.055,224.2056
68.6,2.057,224.4113
68.7,2.056,224.6169
68.8,2.055,224.8224
68.9,2.057,225.0281
69,2.058,225.2339
69.1,2.056,225.4395
69.2,2.056,225.6451
69.3,2.056,225.8507
69.4,2.057,226.0564
69.5,2.058,226.2622
69.6,2.057,226.4679
69.7,2.058,226.6737
69.8,2.059,226.8796
69.9,2.06,227.0856
70,2.059,227.2915
70.1,2.061,227.4976
70.2,2.062,227.7038
70.3,2.062,227.91
70.4,2.063,228.1163
70.5,2.064,228.3227
70.6,2.063,228.529
70.7,2.063,228.7353
70.8,2.064,228.9417
70.9,2.063,229.148
71,2.063,229.3543
71.1,2.064,229.5607
71.2,2.065,229.7672
71.3,2.065,229.9737
71.4,2.067,230.1804
71.5,2.066,230.387
71.6,2.068,230.5938
71.7,2.068,230.8006
71.8,2.07,231.0076
71.9,2.072,231.2148
72,2.073,231.4221
72.1,2.072,231.6293
72.2,2.073,231.8366
72.3,2.072,232.0438
72.4,2.072,232.251
72.5,2.073,232.4583
72.6,2.072,232.6655
72.7,2.072,232.8727
72.8,2.075,233.0802
72.9,2.074,233.2876
73,2.076,233.4952
73.1,2.076,233.7028
73.2,2.075,233.9103
73.3,2.077,234.118
73.4,2.077,234.3257
73.5,2.078,234.5335
73.6,2.079,234.7414
73.7,2.081,234.9495
73.8,2.082,235.1577
73.9,2.082,235.3659
74,2.082,235.5741
74.1,2.082,235.7823
74.2,2.083,235.9906
74.3,2.083,236.1989
74.4,2.085,236.4074
74.5,2.084,236.6158
74.6,2.085,236.8243
74.7,2.086,237.0329
74.8,2.086,237.2415
74.9,2.088,237.4503
75,2.088,237.6591
75.1,2.091,237.8682
75.2,2.09,238.0772
75.3,2.091,238.2863
75.4,2.09,238.4953
75.5,2.092,238.7045
75.6,2.093,238.9138
75.7,2.092,239.123
75.8,2.092,239.3322
75.9,2.092,239.5414
76,2.093,239.7507
76.1,2.094,239.9601
76.2,2.094,240.1695
76.3,2.096,240.3791
76.4,2.096,240.5887
76.5,2.098,240.7985
76.6,2.097,241.0082
76.7,2.098,241.218
76.8,2.099,241.4279
76.9,2.101,241.638
77,2.1,241.848
77.1,2.101,242.0581
77.2,2.101,242.2682
77.3,2.1,242.4782
77.4,2.1,242.6882
77.5,2.102,242.8984
77.6,2.104,243.1088
77.7,2.105,243.3193
77.8,2.105,243.5298
77.9,2.105,243.7403
78,2.108,243.9511
78.1,2.107,244.1618
78.2,2.108,244.3726
78.3,2.111,244.5837
78.4,2.11,244.7947
78.5,2.111,245.0058
78.6,2.111,245.2169
78.7,2.113,245.4282
78.8,2.114,245.6396
78.9,2.116,245.8512
79,2.116,246.0628
79.1,2.115,246.2743
79.2,2.115,246.4858
79.3,2.116,246.6974
79.4,2.115,246.9089
79.5,2.117,247.1206
79.6,2.118,247.3324
79.7,2.119,247.5443
79.8,2.119,247.7562
79.9,2.121,247.9683
80,2.12,248.1803
