T (K),64.3vol% Weighted heat capacity (J/g-K),64.3vol% enthalpy (J/g)
273.25,0.620988514,0.620988514
273.35,0.623303083,0.683318822
273.45,0.75069925,0.758388747
273.55,0.897998706,0.848188617
273.65,0.993892786,0.947577896
273.75,1.0704745,1.054625346
273.85,1.129979769,1.167623323
273.95,1.167509067,1.28437423
274.05,1.198661333,1.404240363
274.15,1.2238836,1.526628723
274.25,1.243711364,1.650999859
274.35,1.255945133,1.776594373
274.45,1.265221091,1.903116482
274.55,1.2726875,2.030385232
274.65,1.28113775,2.158499007
274.75,1.283446214,2.286843628
274.85,1.286515182,2.415495146
274.95,1.288274929,2.544322639
275.05,1.288779364,2.673200576
275.15,1.290265714,2.802227147
275.25,1.289588,2.931185947
275.35,1.290044154,3.060190362
275.45,1.289983333,3.189188696
275.55,1.289314308,3.318120126
275.65,1.289803636,3.44710049
275.75,1.289799786,3.576080469
275.85,1.288779364,3.704958405
275.95,1.288721308,3.833830536
276.05,1.288240273,3.962654563
276.15,1.2875125,4.091405813
276.25,1.286676909,4.220073504
276.35,1.285437,4.348617204
276.45,1.284951818,4.477112386
276.55,1.283794846,4.60549187
276.65,1.281977833,4.733689654
276.75,1.280373692,4.861727023
276.85,1.279722636,4.989699287
276.95,1.277408692,5.117440156
277.05,1.276002909,5.245040447
277.15,1.274508857,5.372491332
277.25,1.272714455,5.499762778
277.35,1.271341846,5.626896963
277.45,1.269264273,5.75382339
277.55,1.268194385,5.880642828
277.65,1.266245364,6.007267365
277.75,1.264216071,6.133688972
277.85,1.2621914,6.259908112
277.95,1.2608275,6.385990862
278.05,1.258482455,6.511839107
278.15,1.256608077,6.637499915
278.25,1.255517455,6.76305166
278.35,1.253643077,6.888415968
278.45,1.251689909,7.013584959
278.55,1.249902615,7.138575221
278.65,1.248994455,7.263474666
278.75,1.247612071,7.388235873
278.85,1.2459432,7.512830193
278.95,1.244337538,7.637263947
279.05,1.243383417,7.761602289
279.15,1.241463769,7.885748666
279.25,1.239236909,8.009672356
279.35,1.238270692,8.133499426
279.45,1.236703182,8.257169744
279.55,1.235488154,8.380718559
279.65,1.233684273,8.504086987
279.75,1.232523154,8.627339302
279.85,1.231042727,8.750443575
279.95,1.229558154,8.87339939
280.05,1.228778545,8.996277245
280.15,1.227414231,9.119018668
280.25,1.226406545,9.241659322
280.35,1.225133462,9.364172668
280.45,1.224250182,9.486597687
280.55,1.223172,9.608914887
280.65,1.222525091,9.731167396
280.75,1.221256154,9.853293011
280.85,1.220638273,9.975356838
280.95,1.219529286,10.09730977
281.05,1.2185466,10.21916443
281.15,1.217623214,10.34092675
281.25,1.2167083,10.46259758
281.35,1.215674786,10.58416506
281.45,1.214384818,10.70560354
281.55,1.213820846,10.82698562
281.65,1.213037091,10.94828933
281.75,1.212406769,11.06953001
281.85,1.211581545,11.19068816
281.95,1.210719,11.31176006
282.05,1.210126,11.43277266
282.15,1.209533,11.55372596
282.25,1.209371273,11.67466309
282.35,1.208575077,11.7955206
282.45,1.208185273,11.91633913
282.55,1.207115385,12.03705066
282.65,1.207161,12.15776676
282.75,1.206568,12.27842356
282.85,1.205705455,12.39899411
282.95,1.205473231,12.51954143
283.05,1.204088182,12.63995025
283.15,1.204104769,12.76036073
283.25,1.203549091,12.88071564
283.35,1.203466154,13.00106225
283.45,1.20301,13.12136325
283.55,1.20301,13.24166425
283.65,1.202686545,13.36193291
283.75,1.201960846,13.48212899
283.85,1.201824,13.60231139
283.95,1.201322231,13.72244361
284.05,1.201824,13.84262601
284.15,1.201459077,13.96277192
284.25,1.201177091,14.08288963
284.35,1.200638,14.20295343
284.45,1.200260636,14.3229795
284.55,1.199497615,14.44292926
284.65,1.199559818,14.56288524
284.75,1.199269538,14.68281219
284.85,1.198859,14.80269809
284.95,1.198539692,14.92255206
285.05,1.198751182,15.04242718
285.15,1.198083538,15.16223553
285.25,1.197673,15.28200283
285.35,1.197673,15.40177013
285.45,1.197780818,15.52154822
285.55,1.197673,15.64131552
285.65,1.197673,15.76108282
285.75,1.197673,15.88085012
285.85,1.197673,16.00061742
285.95,1.197353692,16.12035278
286.05,1.197565182,16.2401093
286.15,1.197125615,16.35982186
286.25,1.19708,16.47952986
286.35,1.197216846,16.59925155
286.45,1.19708,16.71895955
286.55,1.196910571,16.83865061
286.65,1.1966056,16.95831117
286.75,1.196487,17.07795987
286.85,1.196648727,17.19762474
286.95,1.196487,17.31727344
287.05,1.1963684,17.43691028
287.15,1.196350154,17.55654529
287.25,1.196217455,17.67616704
287.35,1.196487,17.79581574
287.45,1.196487,17.91546444
287.55,1.196063429,18.03507078
287.65,1.1966649,18.15473727
287.75,1.1967835,18.27441562
287.85,1.1959533,18.39401095
287.95,1.196444643,18.51365542
288.05,1.196487,18.63330412
288.15,1.196030846,18.7529072
288.25,1.1961905,18.87252625
288.35,1.196232857,18.99214954
288.45,1.1957754,19.11172708
288.55,1.196614071,19.23138848
288.65,1.196487,19.35103718
288.75,1.196571714,19.47069436
288.85,1.197026091,19.59039697
288.95,1.196851923,19.71008216
289.05,1.197403455,19.8298225
289.15,1.197171231,19.94953963
289.25,1.197673,20.06930693
289.35,1.197353692,20.1890423
289.45,1.197403455,20.30878264
289.55,1.197353692,20.42851801
289.65,1.197673,20.54828531
289.75,1.197353692,20.66802068
289.85,1.1973765,20.78775833
289.95,1.197884786,20.90754681
290.05,1.197673,21.02731411
290.15,1.197673,21.14708141
290.25,1.197673,21.26684871
290.35,1.198174769,21.38666618
290.45,1.198643364,21.50653052
290.55,1.198494077,21.62637993
290.65,1.198427727,21.7462227
290.75,1.198630923,21.86608579
290.85,1.198859,21.98597169
290.95,1.198859,22.10585759
291.05,1.198697273,22.22572732
291.15,1.199178308,22.34564515
291.25,1.198966818,22.46554183
291.35,1.199178308,22.58545966
291.45,1.199505909,22.70541026
291.55,1.199725692,22.82538282
291.65,1.199991091,22.94538193
291.75,1.200364308,23.06541836
291.85,1.200045,23.18542286
291.95,1.200546769,23.30547754
292.05,1.200476273,23.42552517
292.15,1.200638,23.54558897
292.25,1.201015364,23.6656905
292.35,1.201002923,23.7857908
292.45,1.200638,23.9058546
292.55,1.200774846,24.02593208
292.65,1.201554455,24.14608753
292.75,1.201322231,24.26621975
292.85,1.202093545,24.3864291
292.95,1.202234538,24.50665256
293.05,1.202794364,24.62693199
293.15,1.20301,24.74723299
293.25,1.20301,24.86753399
293.35,1.203374923,24.98787149
293.45,1.203549091,25.1082264
293.55,1.203238077,25.2285502
293.65,1.203764727,25.34892668
293.75,1.203831077,25.46930978
293.85,1.203872545,25.58969704
293.95,1.204196,25.71011664
294.05,1.204196,25.83053624
294.15,1.204743385,25.95101058
294.25,1.205004636,26.07151104
294.35,1.205382,26.19204924
294.45,1.205705455,26.31261979
294.55,1.206248692,26.43324466
294.65,1.205975,26.55384216
294.75,1.206248692,26.67446703
294.85,1.206568,26.79512383
294.95,1.207115385,26.91583536
295.05,1.207214909,27.03655685
295.15,1.207161,27.15727295
295.25,1.207161,27.27798905
295.35,1.207206615,27.39870972
295.45,1.208293091,27.51953903
295.55,1.208347,27.64037373
295.65,1.209317364,27.76130546
295.75,1.210080385,27.8823135
295.85,1.209694727,28.00328297
295.95,1.210126,28.12429557
296.05,1.210126,28.24530817
296.15,1.210719,28.36638007
296.25,1.211042455,28.48748432
296.35,1.211266385,28.60861096
296.45,1.211581545,28.72976911
296.55,1.212178692,28.85098698
296.65,1.212336273,28.97222061
296.75,1.212680462,29.09348865
296.85,1.212767545,29.21476541
296.95,1.212771692,29.33604258
297.05,1.213091,29.45735168
297.15,1.213273462,29.57867902
297.25,1.213684,29.70004742
297.35,1.214140154,29.82146144
297.45,1.214384818,29.94289992
297.55,1.214961231,30.06439604
297.65,1.215247364,30.18592078
297.75,1.215645462,30.30748533
297.85,1.216325545,30.42911788
297.95,1.216649,30.55078278
298.05,1.217242,30.67250698
298.15,1.217242,30.79423118
298.25,1.217727182,30.9160039
298.35,1.218017462,31.03780565
298.45,1.218428,31.15964845
298.55,1.218564846,31.28150493
298.65,1.219290545,31.40343398
298.75,1.219614,31.52539538
298.85,1.220207,31.64741608
298.95,1.220207,31.76943678
299.05,1.220260909,31.89146288
299.15,1.221164923,32.01357937
299.25,1.221015636,32.13568093
299.35,1.221393,32.25782023
299.45,1.221662545,32.37998649
299.55,1.222350923,32.50222158
299.65,1.222686818,32.62449026
299.75,1.223126385,32.7468029
299.85,1.223225909,32.86912549
299.95,1.223901846,32.99151567
300.05,1.224519727,33.11396765
300.15,1.225133462,33.23648099
300.25,1.226029182,33.35908391
300.35,1.226638769,33.48174779
300.45,1.226945636,33.60444235
300.55,1.227323,33.72717465
300.65,1.227323,33.84990695
300.75,1.227873643,33.97269432
300.85,1.2282125,34.09551557
300.95,1.228890214,34.21840459
301.05,1.2294578,34.34135037
301.15,1.229525571,34.46430292
301.25,1.2298136,34.58728428
301.35,1.230561692,34.71034045
301.45,1.231204455,34.8334609
301.55,1.2317705,34.95663795
301.65,1.2324821,35.07988616
301.75,1.233253,35.20321146
301.85,1.2334309,35.32655455
301.95,1.234057786,35.44996033
302.05,1.2351506,35.57347539
302.15,1.235074357,35.69698282
302.25,1.2359808,35.8205809
302.35,1.236048571,35.94418576
302.45,1.236811,36.06786686
302.55,1.236980429,36.1915649
302.65,1.2372261,36.31528751
302.75,1.237912286,36.43907874
302.85,1.23859,36.56293774
302.95,1.239137385,36.68685148
303.05,1.239236909,36.81077517
303.15,1.239821615,36.93475733
303.25,1.2401911,37.05877644
303.35,1.240962,37.18287264
303.45,1.241555,37.30702814
303.55,1.2418515,37.43121329
303.65,1.242741,37.55548739
303.75,1.243588143,37.67984621
303.85,1.2437491,37.80422112
303.95,1.244562357,37.92867735
304.05,1.245113,38.05318865
304.15,1.245960143,38.17778467
304.25,1.246892,38.30247387
304.35,1.247165692,38.42719044
304.45,1.2470106,38.5518915
304.55,1.2477815,38.67666965
304.65,1.2485524,38.80152489
304.75,1.249306357,38.92645552
304.85,1.250018727,39.05145739
304.95,1.250678077,39.1765252
305.05,1.251204727,39.30164568
305.15,1.251727231,39.4268184
305.25,1.252336818,39.55205208
305.35,1.252730769,39.67732516
305.45,1.253630636,39.80268822
305.55,1.253643077,39.92805253
305.65,1.255194,40.05357193
305.75,1.255239615,40.17909589
305.85,1.25638,40.30473389
305.95,1.257018615,40.43043575
306.05,1.257566,40.55619235
306.15,1.258159,40.68200825
306.25,1.259345,40.80794275
306.35,1.259846769,40.93392743
306.45,1.261124,41.06003983
306.55,1.262081923,41.18624802
306.65,1.262363909,41.31248441
306.75,1.263359154,41.43882033
306.85,1.264089,41.56522923
306.95,1.264590769,41.6916883
307.05,1.265436727,41.81823198
307.15,1.266324154,41.94486439
307.25,1.266461,42.07151049
307.35,1.267783846,42.19828888
307.45,1.268833,42.32517218
307.55,1.269380385,42.45211022
307.65,1.270396364,42.57914985
307.75,1.270840077,42.70623386
307.85,1.272067545,42.83344061
307.95,1.272619077,42.96070252
308.05,1.273738727,43.08807639
308.15,1.274626154,43.21553901
308.25,1.275733364,43.34311235
308.35,1.276542,43.47076655
308.45,1.276865455,43.59845309
308.55,1.278275385,43.72628063
308.65,1.278914,43.85417203
308.75,1.280282462,43.98220028
308.85,1.281286,44.11032888
308.95,1.282107077,44.23853958
309.05,1.282849364,44.36682452
309.15,1.284022923,44.49522681
309.25,1.284897909,44.6237166
309.35,1.286394923,44.7523561
309.45,1.287269909,44.88108309
309.55,1.288630077,45.00994609
309.65,1.289534091,45.1388995
309.75,1.290774,45.2679769
309.85,1.292499091,45.39722681
309.95,1.293237231,45.52655054
310.05,1.294763273,45.65602686
310.15,1.296202231,45.78564709
310.25,1.297135273,45.91536061
310.35,1.298254923,46.04518611
310.45,1.299776818,46.17516379
310.55,1.301219923,46.30528578
310.65,1.302526182,46.4355384
310.75,1.304504231,46.56598882
310.85,1.305814636,46.69657028
310.95,1.307834154,46.8273537
311.05,1.310019545,46.95835565
311.15,1.311893923,47.08954505
311.25,1.314170545,47.2209621
311.35,1.315862462,47.35254835
311.45,1.318213727,47.48436972
311.55,1.320508714,47.61642059
311.65,1.323389,47.74875949
311.75,1.325888071,47.8813483
311.85,1.3291411,48.01426241
311.95,1.3331735,48.14757976
312.05,1.3385105,48.28143081
312.15,1.342026143,48.41563342
312.25,1.3459823,48.55023165
312.35,1.351429429,48.6853746
312.45,1.358861182,48.82126071
312.55,1.366997308,48.95796044
312.65,1.379885727,49.09594902
312.75,1.384194308,49.23436845
312.85,1.390991,49.37346755
312.95,1.402942231,49.51376177
313.05,1.411907727,49.65495254
313.15,1.423013,49.79725384
313.25,1.431692364,49.94042308
313.35,1.448010231,50.0852241
313.45,1.455951455,50.23081925
313.55,1.467031846,50.37752243
313.65,1.480749636,50.5255974
313.75,1.491758643,50.67477326
313.85,1.5022378,50.82499704
313.95,1.516198714,50.97661691
314.05,1.533850091,51.13000192
314.15,1.547543,51.28475622
314.25,1.562961,51.44105232
314.35,1.578972,51.59894952
314.45,1.596276818,51.7585772
314.55,1.609032538,51.91948046
314.65,1.634714,52.08295186
314.75,1.657476077,52.24869947
314.85,1.677841273,52.41648359
314.95,1.699816929,52.58646529
315.05,1.7239605,52.75886134
315.15,1.751535,52.93401484
315.25,1.779567727,53.11197161
315.35,1.813070154,53.29327862
315.45,1.844582091,53.47773683
315.55,1.878987643,53.6656356
315.65,1.915472545,53.85718285
315.75,1.948639077,54.05204676
315.85,1.986039545,54.25065071
315.95,2.022627231,54.45291344
316.05,2.058385545,54.65875199
316.15,2.096703357,54.86842233
316.25,2.132887909,55.08171112
316.35,2.165220923,55.29823321
316.45,2.195853727,55.51781858
316.55,2.229238857,55.74074247
316.65,2.255099818,55.96625245
316.75,2.278027769,56.19405523
316.85,2.296771545,56.42373238
316.95,2.312513,56.65498368
317.05,2.322108818,56.88719456
317.15,2.333691571,57.12056372
317.25,2.337904182,57.35435414
317.35,2.338605,57.58821464
317.45,2.339198,57.82213444
317.55,2.338057615,58.0559402
317.65,2.335316545,58.28947186
317.75,2.330804769,58.52255233
317.85,2.327661455,58.75531848
317.95,2.322274692,58.98754595
318.05,2.317149182,59.21926087
318.15,2.312011231,59.45046199
318.25,2.304696182,59.68093161
318.35,2.298144154,59.91074602
318.45,2.288523455,60.13959837
318.55,2.281859462,60.36778431
318.65,2.2764586,60.59543017
318.75,2.274179786,60.82284815
318.85,2.2718332,61.05003147
318.95,2.270452357,61.27707671
319.05,2.2705879,61.5041355
319.15,2.270791214,61.73121462
319.25,2.274021909,61.95861681
319.35,2.280673462,62.18668416
319.45,2.2919952,62.41588368
319.55,2.318485357,62.64773221
319.65,2.345128,62.88224501
319.75,2.379841308,63.12022914
319.85,2.415910636,63.36182021
319.95,2.459531385,63.60777334
320.05,2.497151636,63.85748851
320.15,2.5458585,64.11207436
320.25,2.59063,64.37113736
320.35,2.643908769,64.63552824
320.45,2.695267545,64.90505499
320.55,2.758999643,65.18095495
320.65,2.812627636,65.46221772
320.75,2.884666769,65.75068439
320.85,2.952036545,66.04588805
320.95,3.021571571,66.34804521
321.05,3.106863455,66.65873155
321.15,3.191381357,66.97786969
321.25,3.279318636,67.30580155
321.35,3.375084286,67.64330998
321.45,3.475062545,67.99081623
321.55,3.578906857,68.34870692
321.65,3.697114091,68.71841833
321.75,3.812464143,69.09966474
321.85,3.944844333,69.49414918
321.95,4.081158308,69.90226501
322.05,4.228693667,70.32513437
322.15,4.392375786,70.76437195
322.25,4.553954167,71.21976737
322.35,4.743685929,71.69413596
322.45,4.927481273,72.18688409
322.55,5.131555933,72.70003968
322.65,5.348026091,73.23484229
322.75,5.581287133,73.79297101
322.85,5.842592583,74.37723026
322.95,6.099156857,74.98714595
323.05,6.385286417,75.62567459
323.15,6.698973533,76.29557194
323.25,7.030668083,76.99863875
323.35,7.3953532,77.73817407
323.45,7.770534417,78.51522751
323.55,8.196298533,79.33485737
323.65,8.659437615,80.20080113
323.75,9.1769624,81.11849737
323.85,9.743760923,82.09287346
323.95,10.37987031,83.13086049
324.05,11.12472108,84.2433326
324.15,11.99683088,85.44301569
324.25,13.00503285,86.74351897
324.35,14.19319824,88.1628388
324.45,15.73823067,89.73666186
324.55,17.65546556,91.50220842
324.65,19.981541,93.50036252
324.75,23.05339395,95.80570191
324.85,26.84167711,98.48986962
324.95,30.9705787,101.5869275
325.05,35.5302975,105.1399572
325.15,40.47149281,109.1871065
325.25,45.38763767,113.7258703
325.35,50.94077519,118.8199478
325.45,55.40582459,124.3605303
325.55,59.81385929,130.3419162
325.65,62.15001359,136.5569176
325.75,62.81826446,142.838744
325.85,60.25166695,148.8639107
325.95,52.95958591,154.1598693
326.05,46.30254365,158.7901237
326.15,40.54824373,162.844948
326.25,35.6305145,166.4079995
326.35,32.37200645,169.6452001
326.45,29.273851,172.5725852
326.55,25.57541782,175.130127
326.65,22.24761638,177.3548886
326.75,19.7881044,179.3336991
326.85,17.83236075,181.1169352
326.95,16.3150813,182.7484433
327.05,14.249603,184.1734036
327.15,12.561925,185.4295961
327.25,10.9137408,186.5209702
327.35,9.072713,187.4282415
327.45,7.577167,188.1859582
327.55,6.707236,188.8566818
327.65,6.0475235,189.4614341
327.75,5.499888,190.0114229
327.85,5.0471325,190.5161362
327.95,4.6144204,190.9775782
328.05,4.2287925,191.4004575
328.15,3.93392325,191.7938498
328.25,3.6677552,192.1606253
328.35,3.43269,192.5038943
328.45,3.2633885,192.8302332
328.55,3.104069167,193.1406401
328.65,2.9658804,193.4372281
328.75,2.856124571,193.7228406
328.85,2.7672254,193.9995631
328.95,2.692371857,194.2688003
329.05,2.606739833,194.5294743
329.15,2.550306,194.7845049
329.25,2.473724286,195.0318773
329.35,2.39953575,195.2718309
329.45,2.334623429,195.5052932
329.55,2.260394889,195.7313327
329.65,2.18694525,195.9500272
329.75,2.120117444,196.162039
329.85,2.046651333,196.3667041
329.95,1.9711229,196.5638164
330.05,1.908152889,196.7546317
330.15,1.841778818,196.9388096
330.25,1.784545333,197.1172641
330.35,1.734122364,197.2906763
330.45,1.6872538,197.4594017
330.55,1.637876667,197.6231894
330.65,1.5946272,197.7826521
330.75,1.560391333,197.9386912
330.85,1.5302274,198.091714
330.95,1.501152154,198.2418292
331.05,1.4831432,198.3901435
331.15,1.459550923,198.5360986
331.25,1.438431,198.6799417
331.35,1.433504538,198.8232922
331.45,1.4202852,198.9653207
331.55,1.411153,199.106436
331.65,1.399239091,199.2463599
331.75,1.397331538,199.386093
331.85,1.390937091,199.5251868
331.95,1.387752308,199.663962
332.05,1.3857726,199.8025392
332.15,1.384376769,199.9409769
332.25,1.381233455,200.0791003
332.35,1.378355538,200.2169358
332.45,1.376058182,200.3545416
332.55,1.374478231,200.4919895
332.65,1.372554091,200.6292449
332.75,1.369551769,200.7662001
332.85,1.367486636,200.9029487
332.95,1.365811308,201.0395298
333.05,1.364144273,201.1759443
333.15,1.363393692,201.3122836
333.25,1.361772273,201.4484609
333.35,1.360291846,201.5844901
333.45,1.359562,201.7204463
333.55,1.357783,201.8562246
333.65,1.356866545,201.9919112
333.75,1.355912769,202.1275025
333.85,1.354332818,202.2629358
333.95,1.353768846,202.3983127
334.05,1.353039,202.5336166
334.15,1.351807385,202.6687973
334.25,1.350289636,202.8038263
334.35,1.349663462,202.9387926
334.45,1.348834091,203.073676
334.55,1.348021308,203.2084781
334.65,1.347755909,203.3432537
334.75,1.346516,203.4779053
334.85,1.346030818,203.6125084
334.95,1.345603692,203.7470688
335.05,1.345060455,203.8815748
335.15,1.344919462,204.0160668
335.25,1.344521364,204.1505189
335.35,1.343551,204.284874
335.45,1.343335364,204.4192075
335.55,1.342775538,204.5534851
335.65,1.342526727,204.6877378
335.75,1.342365,204.8219743
335.85,1.342257182,204.9562
335.95,1.341270231,205.090327
336.05,1.340747727,205.2244018
336.15,1.340586,205.3584604
336.25,1.339939091,205.4924543
336.35,1.339628077,205.6264171
336.45,1.338699182,205.760287
336.55,1.338852615,205.8941723
336.65,1.338214,206.0279937
336.75,1.337803462,206.161774
336.85,1.337297545,206.2955038
336.95,1.337484154,206.4292522
337.05,1.337351455,206.5629873
337.15,1.337301692,206.6967175
337.25,1.337135818,206.8304311
337.35,1.337301692,206.9641613
337.45,1.337189727,207.0978802
337.55,1.337256077,207.2316058
337.65,1.336542818,207.3652601
337.75,1.336571846,207.4989173
337.85,1.336165455,207.6325339
337.95,1.336161308,207.76615
338.05,1.335626364,207.8997126
338.15,1.335568308,208.0332695
338.25,1.334656,208.1667351
338.35,1.334564769,208.3001915
338.45,1.334278636,208.4336194
338.55,1.334427923,208.5670622
338.65,1.334494273,208.7005116
338.75,1.333880538,208.8338997
338.85,1.333416091,208.9672413
338.95,1.333378769,209.1005792
339.05,1.333092636,209.2338884
339.15,1.332512077,209.3671396
339.25,1.332769182,209.5004165
339.35,1.332557692,209.6336723
339.45,1.332553545,209.7669277
339.55,1.332238385,209.9001515
339.65,1.331852727,210.0333368
339.75,1.332055923,210.1665424
339.85,1.332068364,210.2997492
339.95,1.331462923,210.4328955
340.05,1.331691,210.5660646
340.15,1.332010308,210.6992656
340.25,1.331906636,210.8324563
340.35,1.331827846,210.9656391
340.45,1.332122273,211.0988513
340.55,1.331691,211.2320204
340.65,1.331852727,211.3652057
340.75,1.331691,211.4983748
340.85,1.331691,211.6315439
340.95,1.331827846,211.7647267
341.05,1.331098,211.8978365
341.15,1.330687462,212.0309052
341.25,1.330505,212.1639557
341.35,1.330915538,212.2970473
341.45,1.330343273,212.4300816
341.55,1.331098,212.5631914
341.65,1.330882364,212.6962796
341.75,1.331098,212.8293894
341.85,1.330936273,212.9624831
341.95,1.330733077,213.0955564
342.05,1.330505,213.2286069
342.15,1.330596231,213.3616665
342.25,1.330666727,213.4947332
342.35,1.329638308,213.627697
342.45,1.329965909,213.7606936
342.55,1.329683923,213.893662
342.65,1.330127636,214.0266747
342.75,1.329547077,214.1596294
342.85,1.329157273,214.2925452
342.95,1.329273385,214.4254725
343.05,1.329049455,214.5583775
343.15,1.328862846,214.6912637
343.25,1.328726,214.8241363
343.35,1.329638308,214.9571002
343.45,1.329319,215.0900321
343.55,1.329045308,215.2229366
343.65,1.328833818,215.35582
343.75,1.328634769,215.4886835
343.85,1.328564273,215.6215399
343.95,1.328680385,215.7544079
344.05,1.327647818,215.8871727
344.15,1.328087385,216.0199814
344.25,1.327593909,216.1527408
344.35,1.327585615,216.2854994
344.45,1.32754,216.4182534
344.55,1.327768077,216.5510302
344.65,1.327701727,216.6838004
344.75,1.327403154,216.8165407
344.85,1.327755636,216.9493163
344.95,1.327266308,217.0820429
345.05,1.32754,217.2147969
345.15,1.327403154,217.3475372
345.25,1.326947,217.4802319
345.35,1.326764538,217.6129084
345.45,1.326893091,217.7455977
345.55,1.326947,217.8782924
345.65,1.326731364,218.0109655
345.75,1.326627692,218.1436283
345.85,1.326623545,218.2762906
345.95,1.326354,218.408926
346.05,1.326192273,218.5415453
346.15,1.326354,218.6741807
346.25,1.326192273,218.8067999
346.35,1.326171538,218.939417
346.45,1.326084455,219.0720255
346.55,1.325304846,219.204556
346.65,1.325653182,219.3371213
346.75,1.325122385,219.4696335
346.85,1.324359364,219.6020695
346.95,1.324575,219.734527
347.05,1.324305455,219.8669575
347.15,1.324529385,219.9994104
347.25,1.323604636,220.1317709
347.35,1.323799538,220.2641509
347.45,1.322957727,220.3964466
347.55,1.323343385,220.528781
347.65,1.322796,220.6610606
347.75,1.322841615,220.7933447
347.85,1.323011636,220.9256459
347.95,1.321838077,221.0578297
348.05,1.32161,221.1899907
348.15,1.321564385,221.3221471
348.25,1.321448273,221.454292
348.35,1.32161,221.586453
348.45,1.321825636,221.7186355
348.55,1.321245077,221.85076
348.65,1.321124818,221.9828725
348.75,1.321381923,222.1150107
348.85,1.320801364,222.2470909
348.95,1.320606462,222.3791515
349.05,1.320208364,222.5111723
349.15,1.320085143,222.6431808
349.25,1.3193566,222.7751165
349.35,1.319146769,222.9070312
349.45,1.318806727,223.0389119
349.55,1.318188846,223.1707307
349.65,1.318213727,223.3025521
349.75,1.317641462,223.4343163
349.85,1.317459,223.5660622
349.95,1.317586071,223.6978208
350.05,1.3173997,223.8295607
350.15,1.317120143,223.9612728
350.25,1.3172218,224.0929949
350.35,1.316546692,224.2246496
350.45,1.316380818,224.3562877
350.55,1.316364231,224.4879241
350.65,1.316488636,224.619573
350.75,1.316273,224.7512003
350.85,1.3162137,224.8828216
350.95,1.31568,225.0143896
351.05,1.3162137,225.146011
351.15,1.315807071,225.2775917
351.25,1.3155021,225.4091419
351.35,1.315406308,225.5406826
351.45,1.315302636,225.6722128
351.55,1.315087,225.8037215
351.65,1.314925273,225.9352141
351.75,1.314950154,226.0667091
351.85,1.314709636,226.19818
351.95,1.314494,226.3296294
352.05,1.314494,226.4610788
352.15,1.314494,226.5925282
352.25,1.3139603,226.7239243
352.35,1.314494,226.8553737
352.45,1.313954909,226.9867692
352.55,1.313858643,227.118155
352.65,1.313901,227.2495451
352.75,1.313308,227.3808759
352.85,1.313415818,227.5122175
352.95,1.313773929,227.6435949
353.05,1.3133673,227.7749316
353.15,1.312757357,227.9062074
353.25,1.3130708,228.0375144
353.35,1.312545571,228.168769
353.45,1.3124778,228.3000168
353.55,1.311994929,228.4312163
353.65,1.3118848,228.5624047
353.75,1.311740786,228.6935788
353.85,1.3119441,228.8247732
353.95,1.311740786,228.9559473
354.05,1.311529,229.0871002
354.15,1.311274857,229.2182277
354.25,1.310936,229.3493213
354.35,1.311346538,229.480456
354.45,1.310989909,229.6115549
354.55,1.310851286,229.7426401
354.65,1.310936,229.8737337
354.75,1.310893643,230.004823
354.85,1.3105209,230.1358751
354.95,1.310385357,230.2669137
355.05,1.310343,230.397948
355.15,1.310343,230.5289823
355.25,1.3104023,230.6600225
355.35,1.310385357,230.791061
355.45,1.3101651,230.9220775
355.55,1.309834714,231.053061
355.65,1.30975,231.184036
355.75,1.30975,231.315011
355.85,1.30975,231.445986
355.95,1.309580571,231.5769441
356.05,1.3095128,231.7078953
356.15,1.30975,231.8388703
356.25,1.3093942,231.9698098
356.35,1.309495857,232.1007594
356.45,1.3095128,232.2317106
356.55,1.309157,232.3626263
356.65,1.3094535,232.4935717
356.75,1.309368786,232.6245086
356.85,1.309157,232.7554243
356.95,1.3094535,232.8863696
357.05,1.3094535,233.017315
357.15,1.308818143,233.1481968
357.25,1.3087419,233.279071
357.35,1.3082675,233.4098977
357.45,1.3085047,233.5407482
357.55,1.308564,233.6716046
357.65,1.308564,233.802461
357.75,1.308394571,233.9333004
357.85,1.3085047,234.0641509
357.95,1.307971,234.194948
358.05,1.307971,234.3257451
358.15,1.307971,234.4565422
358.25,1.3074373,234.5872859
358.35,1.307716857,234.7180576
358.45,1.3076745,234.8488251
358.55,1.3076745,234.9795925
358.65,1.3069629,235.1102888
358.75,1.306827357,235.2409716
358.85,1.3068443,235.371656
358.95,1.307123857,235.5023684
359.05,1.307054545,235.6330738
359.15,1.307195538,235.7637934
359.25,1.307378,235.8945312
359.35,1.306954429,236.0252266
359.45,1.306785,236.1559051
359.55,1.306465692,236.2865517
359.65,1.3063699,236.4171887
359.75,1.306954429,236.5478841
359.85,1.306785,236.6785626
359.95,1.306556923,236.8092183
360.05,1.306138091,236.9398321
360.15,1.306192,237.0704513
360.25,1.306192,237.2010705
360.35,1.305963923,237.3316669
360.45,1.305976364,237.4622646
360.55,1.306009538,237.5928655
360.65,1.305706818,237.7234362
360.75,1.305142846,237.8539505
360.85,1.305006,237.9844511
360.95,1.305006,238.1149517
361.05,1.305006,238.2454523
361.15,1.305553385,238.3760076
361.25,1.305006,238.5065082
361.35,1.304413,238.6369495
361.45,1.304413,238.7673908
361.55,1.304367385,238.8978275
361.65,1.304251273,239.0282527
361.75,1.304367385,239.1586894
361.85,1.304089545,239.2890984
361.95,1.30382,239.4194804
362.05,1.303873909,239.5498678
362.15,1.303637538,239.6802315
362.25,1.304035636,239.8106351
362.35,1.30382,239.9410171
362.45,1.30382,240.0713991
362.55,1.303409462,240.20174
362.65,1.30382,240.332122
362.75,1.304321769,240.4625542
362.85,1.303873909,240.5929416
362.95,1.304413,240.7233829
363.05,1.303927818,240.8537757
363.15,1.303956846,240.9841714
363.25,1.304089545,241.1145803
363.35,1.303728769,241.2449532
363.45,1.303550455,241.3753082
363.55,1.303637538,241.505672
363.65,1.303227,241.6359947
363.75,1.302770846,241.7662718
363.85,1.302634,241.8965352
363.95,1.302041,242.0267393
364.05,1.302580091,242.1569973
364.15,1.302086615,242.2872059
364.25,1.301663636,242.4173723
364.35,1.301493615,242.5475217
364.45,1.301825364,242.6777042
364.55,1.301904154,242.8078946
364.65,1.302041,242.9380987
364.75,1.302041,243.0683028
364.85,1.302041,243.1985069
364.95,1.302314692,243.3287384
365.05,1.302041,243.4589425
365.15,1.301995385,243.589142
365.25,1.302148818,243.7193569
365.35,1.302177846,243.8495747
365.45,1.302094909,243.9797842
365.55,1.302041,244.1099883
365.65,1.301394091,244.2401277
365.75,1.301128692,244.3702406
365.85,1.300855,244.5003261
365.95,1.300991846,244.6304252
366.05,1.300801091,244.7605054
366.15,1.300763769,244.8905817
366.25,1.300801091,245.0206618
366.35,1.301174308,245.1507793
366.45,1.301286273,245.2809079
366.55,1.301174308,245.4110253
366.65,1.301232364,245.5411486
366.75,1.301037462,245.6712523
366.85,1.301124545,245.8013648
366.95,1.301083077,245.9314731
367.05,1.300908909,246.061564
367.15,1.301219923,246.191686
367.25,1.300855,246.3217715
367.35,1.301037462,246.4518752
367.45,1.301124545,246.5819877
367.55,1.300855,246.7120732
367.65,1.300423727,246.8421155
367.75,1.300033923,246.9721189
367.85,1.300262,247.1021451
367.95,1.299669,247.232112
368.05,1.299453364,247.3620574
368.15,1.299669,247.4920243
368.25,1.299669,247.6219912
368.35,1.299167231,247.7519079
368.45,1.299453364,247.8818532
368.55,1.299623385,248.0118156
368.65,1.299076,248.1417232
368.75,1.299486538,248.2716718
368.85,1.298860364,248.4015579
368.95,1.299212846,248.5314791
369.05,1.298860364,248.6613652
369.15,1.298711077,248.7912363
369.25,1.298105636,248.9210468
369.35,1.298209308,249.0508678
369.45,1.29789,249.1806568
369.55,1.297707538,249.3104275
369.65,1.298159545,249.4402435
369.75,1.297844385,249.5700279
369.85,1.297620455,249.69979
369.95,1.297753154,249.8295653
370.05,1.297297,249.959295
370.15,1.297388231,250.0890338
370.25,1.297620455,250.2187959
370.35,1.297297,250.3485256
370.45,1.297297,250.4782553
370.55,1.297297,250.607985
370.65,1.297297,250.7377147
370.75,1.297068923,250.8674215
370.85,1.297297,250.9971512
370.95,1.296977692,251.126849
371.05,1.296704,251.2565194
371.15,1.296704,251.3861898
371.25,1.296704,251.5158602
371.35,1.296293462,251.6454896
371.45,1.296488364,251.7751384
371.55,1.296612769,251.9047997
371.65,1.296704,252.0344701
371.75,1.296202231,252.1640903
371.85,1.296650091,252.2937553
371.95,1.298756692,252.423631
372.05,1.305329455,252.5541639
372.15,1.318827462,252.6860467
372.25,1.337126833,252.8197593
