T (K),81vol% Weighted heat capacity (J/g-c),81vol% enthalpy (J/g)
273.25,0.353794122,0.353794122
273.35,0.356847558,0.389478877
273.45,0.524911675,0.441970045
273.55,0.719232694,0.513893314
273.65,0.845738493,0.598467164
273.75,0.94676695,0.693143859
273.85,1.025267746,0.795670633
273.95,1.074777307,0.903148364
274.05,1.115874133,1.014735777
274.15,1.14914796,1.129650573
274.25,1.175305227,1.247181096
274.35,1.191444313,1.366325527
274.45,1.203681382,1.486693666
274.55,1.21353125,1.608046791
274.65,1.224679025,1.730514693
274.75,1.227724407,1.853287134
274.85,1.231773064,1.97646444
274.95,1.234094564,2.099873897
275.05,1.234760027,2.223349899
275.15,1.236720857,2.347021985
275.25,1.2358268,2.470604665
275.35,1.236428569,2.594247522
275.45,1.236348333,2.717882355
275.55,1.235465738,2.841428929
275.65,1.236111273,2.965040056
275.75,1.236106193,3.088650676
275.85,1.234760027,3.212126678
275.95,1.234683438,3.335595022
276.05,1.234048845,3.458999907
276.15,1.23308875,3.582308782
276.25,1.231986418,3.705507424
276.35,1.2303507,3.828542494
276.45,1.229710636,3.951513557
276.55,1.228184331,4.07433199
276.65,1.225787283,4.196910719
276.75,1.223671062,4.319277825
276.85,1.222812173,4.441559042
276.95,1.219759562,4.563534998
277.05,1.217905018,4.6853255
277.15,1.215934029,4.806918903
277.25,1.213566809,4.928275584
277.35,1.211756031,5.049451187
277.45,1.209015245,5.170352711
277.55,1.207603823,5.291113094
277.65,1.205032627,5.411616356
277.75,1.202355536,5.53185191
277.85,1.19968454,5.651820364
277.95,1.19788525,5.771608889
278.05,1.194791609,5.89108805
278.15,1.192318885,6.010319938
278.25,1.190880109,6.129407949
278.35,1.188407385,6.248248688
278.45,1.185830718,6.36683176
278.55,1.183472877,6.485179047
278.65,1.182274809,6.603406528
278.75,1.180451136,6.721451642
278.85,1.17824952,6.839276594
278.95,1.176131292,6.956889723
279.05,1.174872592,7.074376982
279.15,1.172340146,7.191610997
279.25,1.169402418,7.308551239
279.35,1.168127762,7.425364015
279.45,1.166059864,7.541970001
279.55,1.164456969,7.658415698
279.65,1.162077245,7.774623423
279.75,1.160545469,7.890677969
279.85,1.158592455,8.006537215
279.95,1.156633969,8.122200612
280.05,1.155605491,8.237761161
280.15,1.153805654,8.353141726
280.25,1.152476291,8.468389355
280.35,1.150796808,8.583469036
280.45,1.149631564,8.698432193
280.55,1.1482092,8.813253113
280.65,1.147355782,8.927988691
280.75,1.145681769,9.042556868
280.85,1.144866645,9.157043532
280.95,1.143403643,9.271383896
281.05,1.14210726,9.385594622
281.15,1.140889107,9.499683533
281.25,1.13968213,9.613651746
281.35,1.138318693,9.727483615
281.45,1.136616936,9.841145309
281.55,1.135872931,9.954732602
281.65,1.134838982,10.0682165
281.75,1.134007446,10.18161724
281.85,1.132918791,10.29490912
281.95,1.1317809,10.40808721
282.05,1.1309986,10.52118707
282.15,1.1302163,10.6342087
282.25,1.130002945,10.747209
282.35,1.128952585,10.86010426
282.45,1.128438345,10.97294809
282.55,1.127026923,11.08565078
282.65,1.1270871,11.19835949
282.75,1.1263048,11.31098997
282.85,1.125166909,11.42350666
282.95,1.124860554,11.53599272
283.05,1.123033364,11.64829606
283.15,1.123055246,11.76060158
283.25,1.122322182,11.8728338
283.35,1.122212769,11.98505508
283.45,1.121611,12.09721618
283.55,1.121611,12.20937728
283.65,1.121184291,12.32149571
283.75,1.120226931,12.4335184
283.85,1.1200464,12.54552304
283.95,1.119384454,12.65746148
284.05,1.1200464,12.76946612
284.15,1.119564985,12.88142262
284.25,1.119192982,12.99334192
284.35,1.1184818,13.1051901
284.45,1.117983973,13.2169885
284.55,1.116977377,13.32868624
284.65,1.117059436,13.44039218
284.75,1.116676492,13.55205983
284.85,1.1161349,13.66367332
284.95,1.115713662,13.77524468
285.05,1.115992664,13.88684395
285.15,1.115111892,13.99835514
285.25,1.1145703,14.10981217
285.35,1.1145703,14.2212692
285.45,1.114712536,14.33274045
285.55,1.1145703,14.44419748
285.65,1.1145703,14.55565451
285.75,1.1145703,14.66711154
285.85,1.1145703,14.77856857
285.95,1.114149062,14.88998348
286.05,1.114428064,15.00142629
286.15,1.113848177,15.1128111
286.25,1.113788,15.2241899
286.35,1.113968531,15.33558676
286.45,1.113788,15.44696556
286.55,1.113564486,15.55832201
286.65,1.11316216,15.66963822
286.75,1.1130057,15.78093879
286.85,1.113219055,15.8922607
286.95,1.1130057,16.00356127
287.05,1.11284924,16.11484619
287.15,1.112825169,16.22612871
287.25,1.112650109,16.33739372
287.35,1.1130057,16.44869429
287.45,1.1130057,16.55999486
287.55,1.112446914,16.67123955
287.65,1.11324039,16.78256359
287.75,1.11339685,16.89390327
287.85,1.11230163,17.00513344
287.95,1.112949821,17.11642842
288.05,1.1130057,17.22772899
288.15,1.112403931,17.33896938
288.25,1.11261455,17.45023084
288.35,1.112670429,17.56149788
288.45,1.11206694,17.67270457
288.55,1.113173336,17.78402191
288.65,1.1130057,17.89532248
288.75,1.113117457,18.00663422
288.85,1.113716882,18.11800591
288.95,1.113487115,18.22935462
289.05,1.114214709,18.34077609
289.15,1.113908354,18.45216693
289.25,1.1145703,18.56362396
289.35,1.114149062,18.67503887
289.45,1.114214709,18.78646034
289.55,1.114149062,18.89787524
289.65,1.1145703,19.00933227
289.75,1.114149062,19.12074718
289.85,1.11417915,19.23216509
289.95,1.114849693,19.34365006
290.05,1.1145703,19.45510709
290.15,1.1145703,19.56656412
290.25,1.1145703,19.67802115
290.35,1.115232246,19.78954438
290.45,1.115850427,19.90112942
290.55,1.115653485,20.01269477
290.65,1.115565955,20.12425136
290.75,1.115834015,20.23583477
290.85,1.1161349,20.34744826
290.95,1.1161349,20.45906175
291.05,1.115921545,20.5706539
291.15,1.116556138,20.68230951
291.25,1.116277136,20.79393723
291.35,1.116556138,20.90559284
291.45,1.116988318,21.01729167
291.55,1.117278262,21.1290195
291.65,1.117628382,21.24078234
291.75,1.118120738,21.35259441
291.85,1.1176995,21.46436436
291.95,1.118361446,21.57620051
292.05,1.118268445,21.68802735
292.15,1.1184818,21.79987553
292.25,1.118979627,21.91177349
292.35,1.118963215,22.02366982
292.45,1.1184818,22.135518
292.55,1.118662331,22.24738423
292.65,1.119690809,22.35935331
292.75,1.119384454,22.47129175
292.85,1.120401991,22.58333195
292.95,1.120587992,22.69539075
293.05,1.121326527,22.80752341
293.15,1.121611,22.91968451
293.25,1.121611,23.03184561
293.35,1.122092415,23.14405485
293.45,1.122322182,23.25628707
293.55,1.121911885,23.36847825
293.65,1.122606655,23.48073892
293.75,1.122694185,23.59300834
293.85,1.122748891,23.70528323
293.95,1.1231756,23.81760079
294.05,1.1231756,23.92991835
294.15,1.123897723,24.04230812
294.25,1.124242373,24.15473236
294.35,1.1247402,24.26720638
294.45,1.125166909,24.37972307
294.55,1.125883562,24.49231142
294.65,1.1255225,24.60486367
294.75,1.125883562,24.71745203
294.85,1.1263048,24.83008251
294.95,1.127026923,24.9427852
295.05,1.127158218,25.05550102
295.15,1.1270871,25.16820973
295.25,1.1270871,25.28091844
295.35,1.127147277,25.39363317
295.45,1.128580582,25.50649123
295.55,1.1286517,25.6193564
295.65,1.129931827,25.73234958
295.75,1.130938423,25.84544342
295.85,1.130429655,25.95848639
295.95,1.1309986,26.07158625
296.05,1.1309986,26.18468611
296.15,1.1317809,26.2978642
296.25,1.132207609,26.41108496
296.35,1.132503023,26.52433526
296.45,1.132918791,26.63762714
296.55,1.133706562,26.7509978
296.65,1.133914445,26.86438924
296.75,1.134368508,26.97782609
296.85,1.134483391,27.09127443
296.95,1.134488862,27.20472332
297.05,1.1349101,27.31821433
297.15,1.135150808,27.43172941
297.25,1.1356924,27.54529865
297.35,1.136294169,27.65892807
297.45,1.136616936,27.77258976
297.55,1.137377354,27.8863275
297.65,1.137754827,28.00010298
297.75,1.138280008,28.11393098
297.85,1.139177191,28.2278487
297.95,1.1396039,28.34180909
298.05,1.1403862,28.45584771
298.15,1.1403862,28.56988633
298.25,1.141026264,28.68398896
298.35,1.141409208,28.79812988
298.45,1.1419508,28.91232496
298.55,1.142131331,29.02653809
298.65,1.143088691,29.14084696
298.75,1.1435154,29.2551985
298.85,1.1442977,29.36962827
298.95,1.1442977,29.48405804
299.05,1.144368818,29.59849492
299.15,1.145561415,29.71305106
299.25,1.145364473,29.82758751
299.35,1.1458623,29.94217374
299.45,1.146217891,30.05679553
299.55,1.147126015,30.17150813
299.65,1.147569136,30.28626504
299.75,1.148149023,30.40107995
299.85,1.148280318,30.51590798
299.95,1.149172031,30.63082518
300.05,1.149987155,30.7458239
300.15,1.150796808,30.86090358
300.25,1.151978464,30.97610142
300.35,1.152782646,31.09137969
300.45,1.153187473,31.20669843
300.55,1.1536853,31.32206696
300.65,1.1536853,31.43743549
300.75,1.154411721,31.55287667
300.85,1.15485875,31.66836254
300.95,1.155752807,31.78393782
301.05,1.15650158,31.89958798
301.15,1.156590986,32.01524708
301.25,1.15697096,32.13094417
301.35,1.157957862,32.24673996
301.45,1.158805809,32.36262054
301.55,1.15955255,32.4785758
301.65,1.16049131,32.59462493
301.75,1.1615083,32.71077576
301.85,1.16174299,32.82695006
301.95,1.162569993,32.94320706
302.05,1.16401166,33.05960822
302.15,1.163911079,33.17599933
302.25,1.16510688,33.29251002
302.35,1.165196286,33.40902965
302.45,1.1662021,33.52564986
302.55,1.166425614,33.64229242
302.65,1.16674971,33.75896739
302.75,1.167654943,33.87573288
302.85,1.168549,33.99258778
302.95,1.169271123,34.1095149
303.05,1.169402418,34.22645514
303.15,1.170173777,34.34347252
303.25,1.17066121,34.46053864
303.35,1.1716782,34.57770646
303.45,1.1724605,34.69495251
303.55,1.17285165,34.81223767
303.65,1.1740251,34.92964018
303.75,1.175142671,35.04715445
303.85,1.17535501,35.16468995
303.95,1.176427879,35.28233274
304.05,1.1771543,35.40004817
304.15,1.178271871,35.51787535
304.25,1.1795012,35.63582547
304.35,1.179862262,35.7538117
304.45,1.17965766,35.87177747
304.55,1.18067465,35.98984493
304.65,1.18169164,36.1080141
304.75,1.182686279,36.22628272
304.85,1.183626055,36.34464533
304.95,1.184495885,36.46309492
305.05,1.185190655,36.58161398
305.15,1.185879954,36.70020198
305.25,1.186684136,36.81887039
305.35,1.187203846,36.93759078
305.45,1.188390973,37.05642987
305.55,1.188407385,37.17527061
305.65,1.1904534,37.29431595
305.75,1.190513577,37.41336731
305.85,1.192018,37.53256911
305.95,1.192860477,37.65185516
306.05,1.1935826,37.77121342
306.15,1.1943649,37.89064991
306.25,1.1959295,38.01024286
306.35,1.196591446,38.129902
306.45,1.1982764,38.24972964
306.55,1.199540115,38.36968365
306.65,1.199912118,38.48967487
306.75,1.201225069,38.60979737
306.85,1.2021879,38.73001616
306.95,1.202849846,38.85030115
307.05,1.203965855,38.97069773
307.15,1.205136569,39.09121139
307.25,1.2053171,39.2117431
307.35,1.207062231,39.33244932
307.45,1.2084463,39.45329395
307.55,1.209168423,39.57421079
307.65,1.210508727,39.69526167
307.75,1.211094085,39.81637108
307.85,1.212713391,39.93764242
307.95,1.213440985,40.05898651
308.05,1.214918055,40.18047832
308.15,1.216088769,40.3020872
308.25,1.217549427,40.42384214
308.35,1.2186162,40.54570376
308.45,1.219042909,40.66760805
308.55,1.220902923,40.78969834
308.65,1.2217454,40.91187288
308.75,1.223550708,41.03422795
308.85,1.2248746,41.15671541
308.95,1.225957785,41.27931119
309.05,1.226937027,41.40200489
309.15,1.228485215,41.52485342
309.25,1.229639518,41.64781737
309.35,1.231614415,41.77097881
309.45,1.232768718,41.89425568
309.55,1.234563085,42.01771199
309.65,1.235755682,42.14128756
309.75,1.2373914,42.2650267
309.85,1.239667182,42.38899342
309.95,1.240640954,42.51305751
310.05,1.242654145,42.63732293
310.15,1.244552454,42.76177817
310.25,1.245783345,42.88635651
310.35,1.247260415,43.01108255
310.45,1.249268136,43.13600936
310.55,1.251171915,43.26112655
310.65,1.252895164,43.38641607
310.75,1.255504654,43.51196653
310.85,1.257233373,43.63768987
310.95,1.259897569,43.76367963
311.05,1.262780591,43.88995769
311.15,1.265253315,44.01648302
311.25,1.268256691,44.14330869
311.35,1.270488708,44.27035756
311.45,1.273590555,44.39771661
311.55,1.276618157,44.52537843
311.65,1.2804179,44.65342022
311.75,1.283714736,44.78179169
311.85,1.28800621,44.91059231
311.95,1.29332585,45.0399249
312.05,1.30036655,45.16996155
312.15,1.305004471,45.300462
312.25,1.31022353,45.43148435
312.35,1.317409514,45.56322531
312.45,1.327213664,45.69594667
312.55,1.337947038,45.82974138
312.65,1.354949755,45.96523635
312.75,1.360633738,46.10129973
312.85,1.3696001,46.23825974
312.95,1.385366454,46.37679638
313.05,1.397193955,46.51651578
313.15,1.4118443,46.65770021
313.25,1.423294327,46.80002964
313.35,1.444821254,46.94451176
313.45,1.455297509,47.09004152
313.55,1.469915031,47.23703302
313.65,1.488011873,47.38583421
313.75,1.502535221,47.53608773
313.85,1.51635958,47.68772369
313.95,1.534777157,47.8412014
314.05,1.558063282,47.99700773
314.15,1.5761273,48.15462046
314.25,1.5964671,48.31426717
314.35,1.6175892,48.47602609
314.45,1.640418136,48.6400679
314.55,1.657245792,48.80579248
314.65,1.6911254,48.97490502
314.75,1.721153685,49.14702039
314.85,1.748019945,49.32182239
314.95,1.777010764,49.49952346
315.05,1.80886155,49.68040962
315.15,1.8452385,49.86493347
315.25,1.882219955,50.05315546
315.35,1.926417169,50.24579718
315.45,1.967988482,50.44259603
315.55,2.013377121,50.64393374
315.65,2.061508891,50.85008463
315.75,2.105262985,51.06061093
315.85,2.154602591,51.27607119
315.95,2.202869954,51.49635818
316.05,2.250043191,51.7213625
316.15,2.300592979,51.9514218
316.25,2.348328518,52.18625465
316.35,2.390983015,52.42535295
316.45,2.431394555,52.66849241
316.55,2.475437029,52.91603611
316.65,2.509553436,53.16699145
316.75,2.539800546,53.42097151
316.85,2.564527791,53.67742429
316.95,2.5852943,53.93595372
317.05,2.597953336,54.19574905
317.15,2.613233586,54.45707241
317.25,2.618790964,54.71895151
317.35,2.6197155,54.98092306
317.45,2.6204978,55.24297284
317.55,2.618993377,55.50487217
317.65,2.615377291,55.7664099
317.75,2.609425246,56.02735243
317.85,2.605278509,56.28788028
317.95,2.598172162,56.54769749
318.05,2.591410464,56.80683854
318.15,2.584632354,57.06530178
318.25,2.574982164,57.32279999
318.35,2.566338569,57.57943385
318.45,2.553646709,57.83479852
318.55,2.544855408,58.08928406
318.65,2.53773046,58.34305711
318.75,2.534724193,58.59652953
318.85,2.53162852,58.84969238
318.95,2.529806879,59.10267307
319.05,2.52998569,59.35567164
319.15,2.530253907,59.60869703
319.25,2.534515918,59.86214862
319.35,2.543290808,60.1164777
319.45,2.55822672,60.37230037
319.55,2.593173179,60.63161769
319.65,2.6283208,60.89444977
319.75,2.674115438,61.16186131
319.85,2.721698973,61.43403121
319.95,2.779244523,61.71195566
320.05,2.828874073,61.99484307
320.15,2.89312935,62.284156
320.25,2.952193,62.5793753
320.35,3.022479646,62.88162327
320.45,3.090233391,63.19064661
320.55,3.174310321,63.50807764
320.65,3.245057673,63.83258341
320.75,3.340093446,64.16659275
320.85,3.428969291,64.50948968
320.95,3.520701586,64.86155984
321.05,3.633220709,65.22488191
321.15,3.744718779,65.59935379
321.25,3.860727773,65.98542657
321.35,3.987064143,66.38413298
321.45,4.118957891,66.79602877
321.55,4.255951829,67.22162395
321.65,4.411893682,67.66281332
321.75,4.564066271,68.11921995
321.85,4.738705433,68.59309049
321.95,4.918534138,69.0849439
322.05,5.113166367,69.59626054
322.15,5.329099793,70.12917052
322.25,5.542257917,70.68339631
322.35,5.792556664,71.26265198
322.45,6.035023945,71.86615437
322.55,6.304244193,72.49657879
322.65,6.589816882,73.15556048
322.75,6.897540513,73.84531453
322.85,7.242261008,74.56954063
322.95,7.580726829,75.32761332
323.05,7.958195892,76.1234329
323.15,8.372019553,76.96063486
323.25,8.809599058,77.84159477
323.35,9.29070052,78.77066482
323.45,9.785648692,79.74922969
323.55,10.34732705,80.78396239
323.65,10.95831138,81.87979353
323.75,11.64104264,83.04389779
323.85,12.38877702,84.2827755
323.95,13.22794797,85.60557029
324.05,14.21057318,87.02662761
324.15,15.36108162,88.56273577
324.25,16.69112613,90.23184839
324.35,18.25858276,92.05770666
324.45,20.29682707,94.08738937
324.55,22.82608989,96.36999836
324.65,25.8947051,98.95946887
324.75,29.94716811,101.9541857
324.85,34.94476324,105.448662
324.95,40.39171048,109.4878331
325.05,46.40700225,114.1285333
325.15,52.92554709,119.421088
325.25,59.41104477,125.3621925
325.35,66.73687863,132.0358803
325.45,72.62728023,139.2986083
325.55,78.44246664,147.142855
325.65,81.52437813,155.2952928
325.75,82.40595091,163.5358879
325.85,79.02003315,171.4378912
325.95,69.40014277,178.3779055
326.05,60.61801095,184.4397066
326.15,53.02679877,189.7423865
326.25,46.53921095,194.3963076
326.35,42.24050801,198.6203584
326.45,38.1533461,202.435693
326.55,33.27428324,205.7631213
326.65,28.88416676,208.651538
326.75,25.63951884,211.2154899
326.85,23.05945433,213.5214353
326.95,21.05782243,215.6272175
327.05,18.3329933,217.4605169
327.15,16.1065675,219.0711736
327.25,13.93224288,220.4643979
327.35,11.5035143,221.6147493
327.45,9.5305537,222.5678047
327.55,8.3829196,223.4060967
327.65,7.51261085,224.1573578
327.75,6.7901568,224.8363734
327.85,6.19287075,225.4556605
327.95,5.62202644,226.0178632
328.05,5.11329675,226.5291928
328.15,4.724298075,227.0016226
328.25,4.37316272,227.4389389
328.35,4.063059,227.8452448
328.45,3.83971235,228.229216
328.55,3.629534417,228.5921695
328.65,3.44723244,228.9368927
328.75,3.302439886,229.2671367
328.85,3.18516194,229.5856529
328.95,3.086413329,229.8942942
329.05,2.973445483,230.1916388
329.15,2.8989966,230.4815385
329.25,2.797968143,230.7613353
329.35,2.700096825,231.031345
329.45,2.614462914,231.2927912
329.55,2.516538822,231.5444451
329.65,2.419642275,231.7864094
329.75,2.331481411,232.0195575
329.85,2.234563133,232.2430138
329.95,2.13492419,232.4565062
330.05,2.051852622,232.6616915
330.15,1.964290336,232.8581205
330.25,1.888786533,233.0469992
330.35,1.822267327,233.2292259
330.45,1.76043718,233.4052696
330.55,1.695297667,233.5747994
330.65,1.63824192,233.7386236
330.75,1.593077133,233.8979313
330.85,1.55328414,234.0532597
330.95,1.514927369,234.2047524
331.05,1.49116952,234.3538694
331.15,1.460046015,234.499874
331.25,1.4321841,234.6430924
331.35,1.425684992,234.7856609
331.45,1.40824572,234.9264855
331.55,1.3961983,235.0661053
331.65,1.380481182,235.2041534
331.75,1.377964692,235.3419499
331.85,1.369528982,235.4789028
331.95,1.365327538,235.6154356
332.05,1.36271586,235.7517071
332.15,1.360874446,235.8877946
332.25,1.356727709,236.0234674
332.35,1.352931092,236.1587605
332.45,1.349900364,236.2937505
332.55,1.347816054,236.4285321
332.65,1.345277682,236.5630599
332.75,1.341316946,236.6971916
332.85,1.338592573,236.8310508
332.95,1.336382438,236.9646891
333.05,1.334183245,237.0981074
333.15,1.333193062,237.2314267
333.25,1.331054045,237.3645321
333.35,1.329101031,237.4974422
333.45,1.3281382,237.630256
333.55,1.3257913,237.7628352
333.65,1.324582291,237.8952934
333.75,1.323324046,238.0276258
333.85,1.321239736,238.1597498
333.95,1.320495731,238.2917993
334.05,1.3195329,238.4237526
334.15,1.317908123,238.5555434
334.25,1.315905873,238.687134
334.35,1.315079808,238.818642
334.45,1.313985682,238.9500406
334.55,1.312913438,239.0813319
334.65,1.312563318,239.2125883
334.75,1.3109276,239.343681
334.85,1.310287536,239.4747098
334.95,1.309724062,239.6056822
335.05,1.309007409,239.7365829
335.15,1.308821408,239.8674651
335.25,1.308296227,239.9982947
335.35,1.3070161,240.1289963
335.45,1.306731627,240.2596694
335.55,1.305993092,240.3902688
335.65,1.305664855,240.5208352
335.75,1.3054515,240.6513804
335.85,1.305309264,240.7819113
335.95,1.304007254,240.912312
336.05,1.303317955,241.0426438
336.15,1.3031046,241.1729543
336.25,1.302251182,241.3031794
336.35,1.301840885,241.4333635
336.45,1.300615464,241.5634251
336.55,1.300817877,241.6935068
336.65,1.2999754,241.8235044
336.75,1.299433808,241.9534478
336.85,1.298766391,242.0833244
336.95,1.299012569,242.2132257
337.05,1.298837509,242.3431094
337.15,1.298771862,242.4729866
337.25,1.298553036,242.6028419
337.35,1.298771862,242.7327191
337.45,1.298624155,242.8625815
337.55,1.298711685,242.9924527
337.65,1.297770736,243.1222297
337.75,1.297809031,243.2520106
337.85,1.297272909,243.3817379
337.95,1.297267438,243.5114647
338.05,1.296561727,243.6411209
338.15,1.296485138,243.7707694
338.25,1.2952816,243.9002975
338.35,1.295161246,244.0298137
338.45,1.294783773,244.159292
338.55,1.294980715,244.2887901
338.65,1.295068245,244.4182969
338.75,1.294258592,244.5477228
338.85,1.293645882,244.6770874
338.95,1.293596646,244.806447
339.05,1.293219173,244.935769
339.15,1.292453285,245.0650143
339.25,1.292792464,245.1942935
339.35,1.292513462,245.3235449
339.45,1.292507991,245.4527957
339.55,1.292092223,245.5820049
339.65,1.291583455,245.7111632
339.75,1.291851515,245.8403484
339.85,1.291867927,245.9695352
339.95,1.291069215,246.0986421
340.05,1.2913701,246.2277791
340.15,1.291791338,246.3569583
340.25,1.291654573,246.4861237
340.35,1.291550631,246.6152788
340.45,1.291939045,246.7444727
340.55,1.2913701,246.8736097
340.65,1.291583455,247.002768
340.75,1.2913701,247.131905
340.85,1.2913701,247.2610421
340.95,1.291550631,247.3901971
341.05,1.2905878,247.5192559
341.15,1.290046208,247.6482605
341.25,1.2898055,247.7772411
341.35,1.290347092,247.9062758
341.45,1.289592145,248.035235
341.55,1.2905878,248.1642938
341.65,1.290303327,248.2933241
341.75,1.2905878,248.4223829
341.85,1.290374445,248.5514203
341.95,1.290106385,248.680431
342.05,1.2898055,248.8094115
342.15,1.289925854,248.9384041
342.25,1.290018855,249.067406
342.35,1.288662138,249.1962722
342.45,1.289094318,249.3251816
342.55,1.288722315,249.4540539
342.65,1.289307673,249.5829846
342.75,1.288541785,249.7118388
342.85,1.288027545,249.8406416
342.95,1.288180723,249.9694596
343.05,1.287885309,250.0982482
343.15,1.287639131,250.2270121
343.25,1.2874586,250.3557579
343.35,1.288662138,250.4846242
343.45,1.2882409,250.6134482
343.55,1.287879838,250.7422362
343.65,1.287600836,250.8709963
343.75,1.287338246,250.9997301
343.85,1.287245245,251.1284547
343.95,1.287398423,251.2571945
344.05,1.286036236,251.3857981
344.15,1.286616123,251.5144597
344.25,1.285965118,251.6430563
344.35,1.285954177,251.7716517
344.45,1.285894,251.9002411
344.55,1.286194885,252.0288606
344.65,1.286107355,252.1574713
344.75,1.285713469,252.2860426
344.85,1.286178473,252.4146605
344.95,1.285532938,252.5432138
345.05,1.285894,252.6718032
345.15,1.285713469,252.8003745
345.25,1.2851117,252.9288857
345.35,1.284870992,253.0573728
345.45,1.285040582,253.1858769
345.55,1.2851117,253.314388
345.65,1.284827227,253.4428707
345.75,1.284690462,253.5713398
345.85,1.284684991,253.6998083
345.95,1.2843294,253.8282412
346.05,1.284116045,253.9566528
346.15,1.2843294,254.0850858
346.25,1.284116045,254.2134974
346.35,1.284088692,254.3419063
346.45,1.283973809,254.4703036
346.55,1.282945331,254.5985982
346.65,1.283404864,254.7269387
346.75,1.282704623,254.8552091
346.85,1.281698027,254.9833789
346.95,1.2819825,255.1115772
347.05,1.281626909,255.2397399
347.15,1.281922323,255.3679321
347.25,1.280702373,255.4960023
347.35,1.280959492,255.6240983
347.45,1.279848955,255.7520832
347.55,1.280357723,255.8801189
347.65,1.2796356,256.0080825
347.75,1.279695777,256.1360521
347.85,1.279920073,256.2640441
347.95,1.278371885,256.3918813
348.05,1.278071,256.5196884
348.15,1.278010823,256.6474895
348.25,1.277857645,256.7752752
348.35,1.278071,256.9030823
348.45,1.278355473,257.0309179
348.55,1.277589585,257.1586768
348.65,1.277430936,257.2864199
348.75,1.277770115,257.4141969
348.85,1.277004227,257.5418974
348.95,1.276747108,257.6695721
349.05,1.276221927,257.7971943
349.15,1.276059371,257.9248002
349.25,1.27509826,258.05231
349.35,1.274821446,258.1797922
349.45,1.274372855,258.3072295
349.55,1.273557731,258.4345852
349.65,1.273590555,258.5619443
349.75,1.272835608,258.6892278
349.85,1.2725949,258.8164873
349.95,1.272762536,258.9437636
350.05,1.27251667,259.0710153
350.15,1.272147871,259.19823
350.25,1.27228198,259.3254582
350.35,1.271391362,259.4525974
350.45,1.271172536,259.5797146
350.55,1.271150654,259.7068297
350.65,1.271314773,259.8339612
350.75,1.2710303,259.9610642
350.85,1.27095207,260.0881594
350.95,1.270248,260.2151842
351.05,1.27095207,260.3422794
351.15,1.270415636,260.469321
351.25,1.27001331,260.5963223
351.35,1.269886938,260.723311
351.45,1.269750173,260.850286
351.55,1.2694657,260.9772326
351.65,1.269252345,261.1041578
351.75,1.269285169,261.2310863
351.85,1.268967873,261.3579831
351.95,1.2686834,261.4848515
352.05,1.2686834,261.6117198
352.15,1.2686834,261.7385882
352.25,1.26797933,261.8653861
352.35,1.2686834,261.9922544
352.45,1.267972218,262.1190516
352.55,1.267845221,262.2458362
352.65,1.2679011,262.3726263
352.75,1.2671188,262.4993382
352.85,1.267261036,262.6260643
352.95,1.267733464,262.7528376
353.05,1.26719703,262.8795573
353.15,1.266392379,263.0061965
353.25,1.26680588,263.1328771
353.35,1.266112986,263.2594884
353.45,1.26602358,263.3860908
353.55,1.265386564,263.5126295
353.65,1.26524128,263.6391536
353.75,1.265051293,263.7656587
353.85,1.26531951,263.8921907
353.95,1.265051293,264.0186958
354.05,1.2647719,264.145173
354.15,1.264436629,264.2716166
354.25,1.2639896,264.3980156
354.35,1.264531192,264.5244687
354.45,1.264060718,264.6508748
354.55,1.263877843,264.7772626
354.65,1.2639896,264.9036615
354.75,1.263933721,265.0300549
354.85,1.26344199,265.1563991
354.95,1.263263179,265.2827254
355.05,1.2632073,265.4090462
355.15,1.2632073,265.5353669
355.25,1.26328553,265.6616954
355.35,1.263263179,265.7880218
355.45,1.26297261,265.914319
355.55,1.262536757,266.0405727
355.65,1.262425,266.1668152
355.75,1.262425,266.2930577
355.85,1.262425,266.4193002
355.95,1.262201486,266.5455203
356.05,1.26211208,266.6717315
356.15,1.262425,266.797974
356.25,1.26195562,266.9241696
356.35,1.262089729,267.0503786
356.45,1.26211208,267.1765898
356.55,1.2616427,267.3027541
356.65,1.26203385,267.4289574
356.75,1.261922093,267.5551497
356.85,1.2616427,267.6813139
356.95,1.26203385,267.8075173
357.05,1.26203385,267.9337207
357.15,1.261195671,268.0598403
357.25,1.26109509,268.1859498
357.35,1.26046925,268.3119967
357.45,1.26078217,268.4380749
357.55,1.2608604,268.564161
357.65,1.2608604,268.690247
357.75,1.260636886,268.8163107
357.85,1.26078217,268.9423889
357.95,1.2600781,269.0683967
358.05,1.2600781,269.1944045
358.15,1.2600781,269.3204123
358.25,1.25937403,269.4463497
358.35,1.259742829,269.572324
358.45,1.25968695,269.6982927
358.55,1.25968695,269.8242614
358.65,1.25874819,269.9501362
358.75,1.258569379,270.0759932
358.85,1.25859173,270.2018523
358.95,1.258960529,270.3277484
359.05,1.258869091,270.4536353
359.15,1.259055092,270.5795408
359.25,1.2592958,270.7054704
359.35,1.258737014,270.8313441
359.45,1.2585135,270.9571954
359.55,1.258092262,271.0830047
359.65,1.25796589,271.2088013
359.75,1.258737014,271.334675
359.85,1.2585135,271.4605263
359.95,1.258212615,271.5863476
360.05,1.257660082,271.7121136
360.15,1.2577312,271.8378867
360.25,1.2577312,271.9636598
360.35,1.257430315,272.0894028
360.45,1.257446727,272.2151475
360.55,1.257490492,272.3408966
360.65,1.257091136,272.4666057
360.75,1.256347131,272.5922404
360.85,1.2561666,272.7178571
360.95,1.2561666,272.8434737
361.05,1.2561666,272.9690904
361.15,1.256888723,273.0947792
361.25,1.2561666,273.2203959
361.35,1.2553843,273.3459343
361.45,1.2553843,273.4714728
361.55,1.255324123,273.5970052
361.65,1.255170945,273.7225223
361.75,1.255324123,273.8480547
361.85,1.254957591,273.9735504
361.95,1.254602,274.0990106
362.05,1.254673118,274.224478
362.15,1.254361292,274.3499141
362.25,1.254886473,274.4754027
362.35,1.254602,274.6008629
362.45,1.254602,274.7263231
362.55,1.254060408,274.8517292
362.65,1.254602,274.9771894
362.75,1.255263946,275.1027158
362.85,1.254673118,275.2281831
362.95,1.2553843,275.3537215
363.05,1.254744236,275.4791959
363.15,1.254782531,275.6046742
363.25,1.254957591,275.7301699
363.35,1.254481646,275.8556181
363.45,1.254246409,275.9810428
363.55,1.254361292,276.1064789
363.65,1.2538197,276.2318609
363.75,1.253217931,276.3571826
363.85,1.2530374,276.4824864
363.95,1.2522551,276.6077119
364.05,1.252966282,276.7330085
364.15,1.252315277,276.8582401
364.25,1.251757273,276.9834158
364.35,1.251532977,277.1085691
364.45,1.251970627,277.2337661
364.55,1.252074569,277.3589736
364.65,1.2522551,277.4841991
364.75,1.2522551,277.6094246
364.85,1.2522551,277.7346501
364.95,1.252616162,277.8599117
365.05,1.2522551,277.9851373
365.15,1.252194923,278.1103567
365.25,1.252397336,278.2355965
365.35,1.252435631,278.36084
365.45,1.252326218,278.4860727
365.55,1.2522551,278.6112982
365.65,1.251401682,278.7364383
365.75,1.251051562,278.8615435
365.85,1.2506905,278.9866125
365.95,1.250871031,279.1116996
366.05,1.250619382,279.2367616
366.15,1.250570146,279.3618186
366.25,1.250619382,279.4868805
366.35,1.251111738,279.6119917
366.45,1.251259445,279.7371177
366.55,1.251111738,279.8622288
366.65,1.251188327,279.9873477
366.75,1.250931208,280.1124408
366.85,1.251046091,280.2375454
366.95,1.250991385,280.3626445
367.05,1.250761618,280.4877207
367.15,1.251171915,280.6128379
367.25,1.2506905,280.7379069
367.35,1.250931208,280.8630001
367.45,1.251046091,280.9881047
367.55,1.2506905,281.1131737
367.65,1.250121555,281.2381859
367.75,1.249607315,281.3631466
367.85,1.2499082,281.4881374
367.95,1.2491259,281.61305
368.05,1.248841427,281.7379342
368.15,1.2491259,281.8628467
368.25,1.2491259,281.9877593
368.35,1.248463954,282.1126057
368.45,1.248841427,282.2374899
368.55,1.249065723,282.3623964
368.65,1.2483436,282.4872308
368.75,1.248885192,282.6121193
368.85,1.248059127,282.7369252
368.95,1.248524131,282.8617777
369.05,1.248059127,282.9865836
369.15,1.247862185,283.1113698
369.25,1.247063473,283.2360761
369.35,1.247200238,283.3607962
369.45,1.246779,283.4854741
369.55,1.246538292,283.6101279
369.65,1.247134591,283.7348413
369.75,1.246718823,283.8595132
369.85,1.246423409,283.9841556
369.95,1.246598469,284.1088154
370.05,1.2459967,284.2334151
370.15,1.246117054,284.3580268
370.25,1.246423409,284.4826691
370.35,1.2459967,284.6072688
370.45,1.2459967,284.7318685
370.55,1.2459967,284.8564681
370.65,1.2459967,284.9810678
370.75,1.245695815,285.1056374
370.85,1.2459967,285.2302371
370.95,1.245575462,285.3547946
371.05,1.2452144,285.479316
371.15,1.2452144,285.6038375
371.25,1.2452144,285.7283589
371.35,1.244672808,285.8528262
371.45,1.244929927,285.9773192
371.55,1.245094046,286.1018286
371.65,1.2452144,286.22635
371.75,1.244552454,286.3508053
371.85,1.245143282,286.4753196
371.95,1.247922362,286.6001119
372.05,1.256593309,286.7257712
372.15,1.274400208,286.8532112
372.25,1.298541183,286.9830653
