Temp (K) ,cp (J/g-K),Enthalpy (J/g)
273.25,0.682582433,0
273.35,0.684729167,0.751055349
273.45,0.8028875,0.831344099
273.55,0.939505882,0.925294688
273.65,1.028446429,1.02813933
273.75,1.099475,1.13808683
273.85,1.154665385,1.253553369
273.95,1.189473333,1.372500702
274.05,1.218366667,1.494337369
274.15,1.24176,1.618513369
274.25,1.26015,1.744528369
274.35,1.271496667,1.871678036
274.45,1.2801,1.999688036
274.55,1.287025,2.128390536
274.65,1.2948625,2.257876786
274.75,1.297003571,2.387577143
274.85,1.29985,2.517562143
274.95,1.301482143,2.647710357
275.05,1.30195,2.777905357
275.15,1.303328571,2.908238214
275.25,1.3027,3.038508214
275.35,1.303123077,3.168820522
275.45,1.303066667,3.299127189
275.55,1.302446154,3.429371804
275.65,1.3029,3.559661804
275.75,1.302896429,3.689951447
275.85,1.30195,3.820146447
275.95,1.301896154,3.950336062
276.05,1.30145,4.080481062
276.15,1.300775,4.210558562
276.25,1.3,4.340558562
276.35,1.29885,4.470443562
276.45,1.2984,4.600283562
276.55,1.297326923,4.730016255
276.65,1.295641667,4.859580421
276.75,1.294153846,4.988995806
276.85,1.29355,5.118350806
276.95,1.291403846,5.24749119
277.05,1.2901,5.37650119
277.15,1.288714286,5.505372619
277.25,1.28705,5.634077619
277.35,1.285776923,5.762655311
277.45,1.28385,5.891040311
277.55,1.282857692,6.019326081
277.65,1.28105,6.147431081
277.75,1.279167857,6.275347866
277.85,1.27729,6.403076866
277.95,1.276025,6.530679366
278.05,1.27385,6.658064366
278.15,1.272111538,6.78527552
278.25,1.2711,6.91238552
278.35,1.269361538,7.039321674
278.45,1.26755,7.166076674
278.55,1.265892308,7.292665905
278.65,1.26505,7.419170905
278.75,1.263767857,7.545547691
278.85,1.26222,7.671769691
278.95,1.260730769,7.797842768
279.05,1.259845833,7.923827351
279.15,1.258065385,8.049633889
279.25,1.256,8.175233889
279.35,1.255103846,8.300744274
279.45,1.25365,8.426109274
279.55,1.252523077,8.551361582
279.65,1.25085,8.676446582
279.75,1.249773077,8.801423889
279.85,1.2484,8.926263889
279.95,1.247023077,9.050966197
280.05,1.2463,9.175596197
280.15,1.245034615,9.300099659
280.25,1.2441,9.424509659
280.35,1.242919231,9.548801582
280.45,1.2421,9.673011582
280.55,1.2411,9.797121582
280.65,1.2405,9.921171582
280.75,1.239323077,10.04510389
280.85,1.23875,10.16897889
280.95,1.237721429,10.29275103
281.05,1.23681,10.41643203
281.15,1.235953571,10.54002739
281.25,1.235105,10.66353789
281.35,1.234146429,10.78695253
281.45,1.23295,10.91024753
281.55,1.232426923,11.03349022
281.65,1.2317,11.15666022
281.75,1.231115385,11.27977176
281.85,1.23035,11.40280676
281.95,1.22955,11.52576176
282.05,1.229,11.64866176
282.15,1.22845,11.77150676
282.25,1.2283,11.89433676
282.35,1.227561538,12.01709292
282.45,1.2272,12.13981292
282.55,1.226207692,12.26243369
282.65,1.22625,12.38505869
282.75,1.2257,12.50762869
282.85,1.2249,12.63011869
282.95,1.224684615,12.75258715
283.05,1.2234,12.87492715
283.15,1.223415385,12.99726869
283.25,1.2229,13.11955869
283.35,1.222823077,13.24184099
283.45,1.2224,13.36408099
283.55,1.2224,13.48632099
283.65,1.2221,13.60853099
283.75,1.221426923,13.73067369
283.85,1.2213,13.85280369
283.95,1.220834615,13.97488715
284.05,1.2213,14.09701715
284.15,1.220961538,14.2191133
284.25,1.2207,14.3411833
284.35,1.2202,14.4632033
284.45,1.21985,14.5851883
284.55,1.219142308,14.70710253
284.65,1.2192,14.82902253
284.75,1.218930769,14.95091561
284.85,1.21855,15.07277061
284.95,1.218253846,15.19459599
285.05,1.21845,15.31644099
285.15,1.217830769,15.43822407
285.25,1.21745,15.55996907
285.35,1.21745,15.68171407
285.45,1.21755,15.80346907
285.55,1.21745,15.92521407
285.65,1.21745,16.04695907
285.75,1.21745,16.16870407
285.85,1.21745,16.29044907
285.95,1.217153846,16.41216446
286.05,1.21735,16.53389946
286.15,1.216942308,16.65559369
286.25,1.2169,16.77728369
286.35,1.217026923,16.89898638
286.45,1.2169,17.02067638
286.55,1.216742857,17.14235066
286.65,1.21646,17.26399666
286.75,1.21635,17.38563166
286.85,1.2165,17.50728166
286.95,1.21635,17.62891666
287.05,1.21624,17.75054066
287.15,1.216223077,17.87216297
287.25,1.2161,17.99377297
287.35,1.21635,18.11540797
287.45,1.21635,18.23704297
287.55,1.215957143,18.35863869
287.65,1.216515,18.48029019
287.75,1.216625,18.60195269
287.85,1.215855,18.72353819
287.95,1.216310714,18.84516926
288.05,1.21635,18.96680426
288.15,1.215926923,19.08839695
288.25,1.216075,19.21000445
288.35,1.216114286,19.33161588
288.45,1.21569,19.45318488
288.55,1.216467857,19.57483166
288.65,1.21635,19.69646666
288.75,1.216428571,19.81810952
288.85,1.21685,19.93979452
288.95,1.216688462,20.06146337
289.05,1.2172,20.18318337
289.15,1.216984615,20.30488183
289.25,1.21745,20.42662683
289.35,1.217153846,20.54834221
289.45,1.2172,20.67006221
289.55,1.217153846,20.7917776
289.65,1.21745,20.9135226
289.75,1.217153846,21.03523798
289.85,1.217175,21.15695548
289.95,1.217646429,21.27872013
290.05,1.21745,21.40046513
290.15,1.21745,21.52221013
290.25,1.21745,21.64395513
290.35,1.217915385,21.76574666
290.45,1.21835,21.88758166
290.55,1.218211538,22.00940282
290.65,1.21815,22.13121782
290.75,1.218338462,22.25305166
290.85,1.21855,22.37490666
290.95,1.21855,22.49676166
291.05,1.2184,22.61860166
291.15,1.218846154,22.74048628
291.25,1.21865,22.86235128
291.35,1.218846154,22.98423589
291.45,1.21915,23.10615089
291.55,1.219353846,23.22808628
291.65,1.2196,23.35004628
291.75,1.219946154,23.47204089
291.85,1.21965,23.59400589
291.95,1.220115385,23.71601743
292.05,1.22005,23.83802243
292.15,1.2202,23.96004243
292.25,1.22055,24.08209743
292.35,1.220538462,24.20415128
292.45,1.2202,24.32617128
292.55,1.220326923,24.44820397
292.65,1.22105,24.57030897
292.75,1.220834615,24.69239243
292.85,1.22155,24.81454743
292.95,1.221680769,24.93671551
293.05,1.2222,25.05893551
293.15,1.2224,25.18117551
293.25,1.2224,25.30341551
293.35,1.222738462,25.42568936
293.45,1.2229,25.54797936
293.55,1.222611538,25.67024051
293.65,1.2231,25.79255051
293.75,1.223161538,25.91486666
293.85,1.2232,26.03718666
293.95,1.2235,26.15953666
294.05,1.2235,26.28188666
294.15,1.224007692,26.40428743
294.25,1.22425,26.52671243
294.35,1.2246,26.64917243
294.45,1.2249,26.77166243
294.55,1.225403846,26.89420282
294.65,1.22515,27.01671782
294.75,1.225403846,27.1392582
294.85,1.2257,27.2618282
294.95,1.226207692,27.38444897
295.05,1.2263,27.50707897
295.15,1.22625,27.62970397
295.25,1.22625,27.75232897
295.35,1.226292308,27.8749582
295.45,1.2273,27.9976882
295.55,1.22735,28.1204232
295.65,1.22825,28.2432482
295.75,1.228957692,28.36614397
295.85,1.2286,28.48900397
295.95,1.229,28.61190397
296.05,1.229,28.73480397
296.15,1.22955,28.85775897
296.25,1.22985,28.98074397
296.35,1.230057692,29.10374974
296.45,1.23035,29.22678474
296.55,1.230903846,29.34987513
296.65,1.23105,29.47298013
296.75,1.231369231,29.59611705
296.85,1.23145,29.71926205
296.95,1.231453846,29.84240743
297.05,1.23175,29.96558243
297.15,1.231919231,30.08877436
297.25,1.2323,30.21200436
297.35,1.232723077,30.33527666
297.45,1.23295,30.45857166
297.55,1.233484615,30.58192013
297.65,1.23375,30.70529513
297.75,1.234119231,30.82870705
297.85,1.23475,30.95218205
297.95,1.23505,31.07568705
298.05,1.2356,31.19924705
298.15,1.2356,31.32280705
298.25,1.23605,31.44641205
298.35,1.236319231,31.57004397
298.45,1.2367,31.69371397
298.55,1.236826923,31.81739666
298.65,1.2375,31.94114666
298.75,1.2378,32.06492666
298.85,1.23835,32.18876166
298.95,1.23835,32.31259666
299.05,1.2384,32.43643666
299.15,1.239238462,32.56036051
299.25,1.2391,32.68427051
299.35,1.23945,32.80821551
299.45,1.2397,32.93218551
299.55,1.240338462,33.05621936
299.65,1.24065,33.18028436
299.75,1.241057692,33.30439013
299.85,1.24115,33.42850513
299.95,1.241776923,33.55268282
300.05,1.24235,33.67691782
300.15,1.242919231,33.80120974
300.25,1.24375,33.92558474
300.35,1.244315385,34.05001628
300.45,1.2446,34.17447628
300.55,1.24495,34.29897128
300.65,1.24495,34.42346628
300.75,1.245460714,34.54801235
300.85,1.245775,34.67258985
300.95,1.246403571,34.79723021
301.05,1.24693,34.92192321
301.15,1.246992857,35.04662249
301.25,1.24726,35.17134849
301.35,1.247953846,35.29614388
301.45,1.24855,35.42099888
301.55,1.249075,35.54590638
301.65,1.249735,35.67087988
301.75,1.25045,35.79592488
301.85,1.250615,35.92098638
301.95,1.251196429,36.04610602
302.05,1.25221,36.17132702
302.15,1.252139286,36.29654095
302.25,1.25298,36.42183895
302.35,1.253042857,36.54714324
302.45,1.25375,36.67251824
302.55,1.253907143,36.79790895
302.65,1.254135,36.92332245
302.75,1.254771429,37.04879959
302.85,1.2554,37.17433959
302.95,1.255907692,37.29993036
303.05,1.256,37.42553036
303.15,1.256542308,37.55118459
303.25,1.256885,37.67687309
303.35,1.2576,37.80263309
303.45,1.25815,37.92844809
303.55,1.258425,38.05429059
303.65,1.25925,38.18021559
303.75,1.260035714,38.30621916
303.85,1.260185,38.43223766
303.95,1.260939286,38.55833159
304.05,1.26145,38.68447659
304.15,1.262235714,38.81070016
304.25,1.2631,38.93701016
304.35,1.263353846,39.06334555
304.45,1.26321,39.18966655
304.55,1.263925,39.31605905
304.65,1.26464,39.44252305
304.75,1.265339286,39.56905698
304.85,1.266,39.69565698
304.95,1.266611538,39.82231813
305.05,1.2671,39.94902813
305.15,1.267584615,40.07578659
305.25,1.26815,40.20260159
305.35,1.268515385,40.32945313
305.45,1.26935,40.45638813
305.55,1.269361538,40.58332428
305.65,1.2708,40.71040428
305.75,1.270842308,40.83748852
305.85,1.2719,40.96467852
305.95,1.272492308,41.09192775
306.05,1.273,41.21922775
306.15,1.27355,41.34658275
306.25,1.27465,41.47404775
306.35,1.275115385,41.60155928
306.45,1.2763,41.72918928
306.55,1.277188462,41.85690813
306.65,1.27745,41.98465313
306.75,1.278373077,42.11249044
306.85,1.27905,42.24039544
306.95,1.279515385,42.36834698
307.05,1.2803,42.49637698
307.15,1.281123077,42.62448928
307.25,1.28125,42.75261428
307.35,1.282476923,42.88086198
307.45,1.28345,43.00920698
307.55,1.283957692,43.13760275
307.65,1.2849,43.26609275
307.75,1.285311538,43.3946239
307.85,1.28645,43.5232689
307.95,1.286961538,43.65196505
308.05,1.288,43.78076505
308.15,1.288823077,43.90964736
308.25,1.28985,44.03863236
308.35,1.2906,44.16769236
308.45,1.2909,44.29678236
308.55,1.292207692,44.42600313
308.65,1.2928,44.55528313
308.75,1.294069231,44.68469005
308.85,1.295,44.81419005
308.95,1.295761538,44.94376621
309.05,1.29645,45.07341121
309.15,1.297538462,45.20316505
309.25,1.29835,45.33300005
309.35,1.299738462,45.4629739
309.45,1.30055,45.5930289
309.55,1.301811538,45.72321005
309.65,1.30265,45.85347505
309.75,1.3038,45.98385505
309.85,1.3054,46.11439505
309.95,1.306084615,46.24500352
310.05,1.3075,46.37575352
310.15,1.308834615,46.50663698
310.25,1.3097,46.63760698
310.35,1.310738462,46.76868082
310.45,1.31215,46.89989582
310.55,1.313488462,47.03124467
310.65,1.3147,47.16271467
310.75,1.316534615,47.29436813
310.85,1.31775,47.42614313
310.95,1.319623077,47.55810544
311.05,1.32165,47.69027044
311.15,1.323388462,47.82260928
311.25,1.3255,47.95515928
311.35,1.327069231,48.08786621
311.45,1.32925,48.22079121
311.55,1.331378571,48.35392906
311.65,1.33405,48.48733406
311.75,1.336367857,48.62097085
311.85,1.339385,48.75490935
311.95,1.343125,48.88922185
312.05,1.348075,49.02402935
312.15,1.351335714,49.15916292
312.25,1.355005,49.29466342
312.35,1.360057143,49.43066914
312.45,1.36695,49.56736414
312.55,1.374496154,49.70481375
312.65,1.38645,49.84345875
312.75,1.390446154,49.98250337
312.85,1.39675,50.12217837
312.95,1.407834615,50.26296183
313.05,1.41615,50.40457683
313.15,1.42645,50.54722183
313.25,1.4345,50.69067183
313.35,1.449634615,50.83563529
313.45,1.457,50.98133529
313.55,1.467276923,51.12806298
313.65,1.48,51.27606298
313.75,1.490210714,51.42508405
313.85,1.49993,51.57507705
313.95,1.512878571,51.72636491
314.05,1.52925,51.87928991
314.15,1.54195,52.03348491
314.25,1.55625,52.18910991
314.35,1.5711,52.34621991
314.45,1.58715,52.50493491
314.55,1.598980769,52.66483299
314.65,1.6228,52.82711299
314.75,1.643911538,52.99150414
314.85,1.6628,53.15778414
314.95,1.683182143,53.32610236
315.05,1.705575,53.49665986
315.15,1.73115,53.66977486
315.25,1.75715,53.84548986
315.35,1.788223077,54.02431216
315.45,1.81745,54.20605716
315.55,1.849360714,54.39099324
315.65,1.8832,54.57931324
315.75,1.913961538,54.77070939
315.85,1.94865,54.96557439
315.95,1.982584615,55.16383285
316.05,2.01575,55.36540785
316.15,2.051289286,55.57053678
316.25,2.08485,55.77902178
316.35,2.114838462,55.99050563
316.45,2.14325,56.20483063
316.55,2.174214286,56.42225205
316.65,2.1982,56.64207205
316.75,2.219465385,56.86401859
316.85,2.23685,57.08770359
316.95,2.25145,57.31284859
317.05,2.26035,57.53888359
317.15,2.271092857,57.76599288
317.25,2.275,57.99349288
317.35,2.27565,58.22105788
317.45,2.2762,58.44867788
317.55,2.275142308,58.67619211
317.65,2.2726,58.90345211
317.75,2.268415385,59.13029365
317.85,2.2655,59.35684365
317.95,2.260503846,59.58289403
318.05,2.25575,59.80846903
318.15,2.250984615,60.03356749
318.25,2.2442,60.25798749
318.35,2.238123077,60.4817998
318.45,2.2292,60.7047198
318.55,2.223019231,60.92702172
318.65,2.21801,61.14882272
318.75,2.215896429,61.37041237
318.85,2.21372,61.59178437
318.95,2.212439286,61.8130283
319.05,2.212565,62.0342848
319.15,2.212753571,62.25556015
319.25,2.21575,62.47713515
319.35,2.221919231,62.69932708
319.45,2.23242,62.92256908
319.55,2.256989286,63.148268
319.65,2.2817,63.376438
319.75,2.313896154,63.60782762
319.85,2.34735,63.84256262
319.95,2.387807692,64.08134339
320.05,2.4227,64.32361339
320.15,2.467875,64.57040089
320.25,2.5094,64.82134089
320.35,2.558815385,65.07722243
320.45,2.60645,65.33786743
320.55,2.665560714,65.6044235
320.65,2.7153,65.8759535
320.75,2.782115385,66.15416504
320.85,2.8446,66.43862504
320.95,2.909092857,66.72953432
321.05,2.9882,67.02835432
321.15,3.066589286,67.33501325
321.25,3.14815,67.64982825
321.35,3.236971429,67.97352539
321.45,3.3297,68.30649539
321.55,3.426014286,68.64909682
321.65,3.53565,69.00266182
321.75,3.642635714,69.36692539
321.85,3.765416667,69.74346706
321.95,3.891846154,70.13265168
322.05,4.028683333,70.53552001
322.15,4.180496429,70.95356965
322.25,4.330358333,71.38660549
322.35,4.506332143,71.8372387
322.45,4.6768,72.3049187
322.55,4.866076667,72.79152637
322.65,5.06685,73.29821137
322.75,5.283196667,73.82653103
322.85,5.525554167,74.37908645
322.95,5.763514286,74.95543788
323.05,6.028895833,75.55832746
323.15,6.319836669,76.19031113
323.25,6.627479169,76.85305905
323.35,6.96572,77.54963105
323.45,7.313695832,78.28100063
323.55,7.708586669,79.0518593
323.65,8.138142306,79.86567353
323.75,8.61814,80.72748753
323.85,9.143838459,81.64187137
323.95,9.733821875,82.61525356
324.05,10.42466154,83.65771971
324.15,11.23353235,84.78107295
324.25,12.16862692,85.99793564
324.35,13.27063529,87.32499917
324.45,14.70363333,88.7953625
324.55,16.48184444,90.44354695
324.65,18.63925,92.30747195
324.75,21.48835476,94.45630742
324.85,25.00193948,96.95650137
324.95,28.83144348,99.83964572
325.05,33.060525,103.1456982
325.15,37.64342115,106.9100403
325.25,42.20308333,111.1303487
325.35,47.35354815,115.8657035
325.45,51.494825,121.015186
325.55,55.58322143,126.5735081
325.65,57.74997501,132.3485056
325.75,58.36976924,138.1854825
325.85,55.9892825,143.7844108
325.95,49.22596956,148.7070078
326.05,43.05164706,153.0121725
326.15,37.71460667,156.7836331
326.25,33.153475,160.0989806
326.35,30.13125,163.1121056
326.45,27.25775,165.8378806
326.55,23.8275,168.2206306
326.65,20.74100625,170.2947313
326.75,18.45984,172.1407153
326.85,16.6459125,173.8053065
326.95,15.238655,175.329172
327.05,13.32295,176.661467
327.15,11.75765,177.837232
327.25,10.22898,178.86013
327.35,8.52145,179.712275
327.45,7.13435,180.42571
327.55,6.3275,181.05846
327.65,5.715625,181.6300225
327.75,5.2077,182.1507925
327.85,4.787775,182.62957
327.95,4.38644,183.068214
328.05,4.028775,183.4710915
328.15,3.7552875,183.8466203
328.25,3.50842,184.1974623
328.35,3.2904,184.5265023
328.45,3.133375,184.8398398
328.55,2.985608333,185.1384006
328.65,2.85744,185.4241446
328.75,2.755642857,185.6997089
328.85,2.67319,185.9670279
328.95,2.603764286,186.2274043
329.05,2.524341667,186.4798385
329.15,2.472,186.7270385
329.25,2.400971429,186.9671356
329.35,2.3321625,187.2003519
329.45,2.271957143,187.4275476
329.55,2.203111111,187.6478587
329.65,2.1349875,187.8613574
329.75,2.073005556,188.068658
329.85,2.004866667,188.2691447
329.95,1.934815,188.4626262
330.05,1.876411111,188.6502673
330.15,1.81485,188.8317523
330.25,1.761766667,189.0079289
330.35,1.715,189.1794289
330.45,1.67153,189.3465819
330.55,1.625733333,189.5091553
330.65,1.58562,189.6677173
330.75,1.553866667,189.8231039
330.85,1.52589,189.9756929
330.95,1.498923077,190.1255852
331.05,1.48222,190.2738072
331.15,1.460338462,190.4198411
331.25,1.44075,190.5639161
331.35,1.436180769,190.7075342
331.45,1.42392,190.8499262
331.55,1.41545,190.9914712
331.65,1.4044,191.1319112
331.75,1.402630769,191.2721742
331.85,1.3967,191.4118442
331.95,1.393746154,191.5512189
332.05,1.39191,191.6904099
332.15,1.390615385,191.8294714
332.25,1.3877,191.9682414
332.35,1.385030769,192.1067445
332.45,1.3829,192.2450345
332.55,1.381434615,192.3831779
332.65,1.37965,192.5211429
332.75,1.376865385,192.6588295
332.85,1.37495,192.7963245
332.95,1.373396154,192.9336641
333.05,1.37185,193.0708491
333.15,1.371153846,193.2079645
333.25,1.36965,193.3449295
333.35,1.368276923,193.4817572
333.45,1.3676,193.6185172
333.55,1.36595,193.7551122
333.65,1.3651,193.8916222
333.75,1.364215385,194.0280437
333.85,1.36275,194.1643187
333.95,1.362226923,194.3005414
334.05,1.36155,194.4366964
334.15,1.360407692,194.5727372
334.25,1.359,194.7086372
334.35,1.358419231,194.8444791
334.45,1.35765,194.9802441
334.55,1.356896154,195.1159337
334.65,1.35665,195.2515987
334.75,1.3555,195.3871487
334.85,1.35505,195.5226537
334.95,1.354653846,195.6581191
335.05,1.35415,195.7935341
335.15,1.354019231,195.928936
335.25,1.35365,196.064301
335.35,1.35275,196.199576
335.45,1.35255,196.334831
335.55,1.352030769,196.4700341
335.65,1.3518,196.6052141
335.75,1.35165,196.7403791
335.85,1.35155,196.8755341
335.95,1.350634615,197.0105976
336.05,1.35015,197.1456126
336.15,1.35,197.2806126
336.25,1.3494,197.4155526
336.35,1.349111538,197.5504637
336.45,1.34825,197.6852887
336.55,1.348392308,197.8201279
336.65,1.3478,197.9549079
336.75,1.347419231,198.0896499
336.85,1.34695,198.2243449
336.95,1.347123077,198.3590572
337.05,1.347,198.4937572
337.15,1.346953846,198.6284526
337.25,1.3468,198.7631326
337.35,1.346953846,198.8978279
337.45,1.34685,199.0325129
337.55,1.346911538,199.1672041
337.65,1.34625,199.3018291
337.75,1.346276923,199.4364568
337.85,1.3459,199.5710468
337.95,1.345896154,199.7056364
338.05,1.3454,199.8401764
338.15,1.345346154,199.974711
338.25,1.3445,200.109161
338.35,1.344415385,200.2436026
338.45,1.34415,200.3780176
338.55,1.344288462,200.5124464
338.65,1.34435,200.6468814
338.75,1.343780769,200.7812595
338.85,1.34335,200.9155945
338.95,1.343315385,201.049926
339.05,1.34305,201.184231
339.15,1.342511538,201.3184822
339.25,1.34275,201.4527572
339.35,1.342553846,201.5870126
339.45,1.34255,201.7212676
339.55,1.342257692,201.8554933
339.65,1.3419,201.9896833
339.75,1.342088462,202.1238922
339.85,1.3421,202.2581022
339.95,1.341538462,202.392256
340.05,1.34175,202.526431
340.15,1.342046154,202.6606356
340.25,1.34195,202.7948306
340.35,1.341876923,202.9290183
340.45,1.34215,203.0632333
340.55,1.34175,203.1974083
340.65,1.3419,203.3315983
340.75,1.34175,203.4657733
340.85,1.34175,203.5999483
340.95,1.341876923,203.734136
341.05,1.3412,203.868256
341.15,1.340819231,204.0023379
341.25,1.34065,204.1364029
341.35,1.341030769,204.270506
341.45,1.3405,204.404556
341.55,1.3412,204.538676
341.65,1.341,204.672776
341.75,1.3412,204.806896
341.85,1.34105,204.941001
341.95,1.340861538,205.0750872
342.05,1.34065,205.2091522
342.15,1.340734615,205.3432256
342.25,1.3408,205.4773056
342.35,1.339846154,205.6112902
342.45,1.34015,205.7453052
342.55,1.339888462,205.8792941
342.65,1.3403,206.0133241
342.75,1.339761538,206.1473002
342.85,1.3394,206.2812402
342.95,1.339507692,206.415191
343.05,1.3393,206.549121
343.15,1.339126923,206.6830337
343.25,1.339,206.8169337
343.35,1.339846154,206.9509183
343.45,1.33955,207.0848733
343.55,1.339296154,207.2188029
343.65,1.3391,207.3527129
343.75,1.338915385,207.4866045
343.85,1.33885,207.6204895
343.95,1.338957692,207.7543852
344.05,1.338,207.8881852
344.15,1.338407692,208.022026
344.25,1.33795,208.155821
344.35,1.337942308,208.2896152
344.45,1.3379,208.4234052
344.55,1.338111538,208.5572164
344.65,1.33805,208.6910214
344.75,1.337773077,208.8247987
344.85,1.3381,208.9586087
344.95,1.337646154,209.0923733
345.05,1.3379,209.2261633
345.15,1.337773077,209.3599406
345.25,1.33735,209.4936756
345.35,1.337180769,209.6273937
345.45,1.3373,209.7611237
345.55,1.33735,209.8948587
345.65,1.33715,210.0285737
345.75,1.337053846,210.1622791
345.85,1.33705,210.2959841
345.95,1.3368,210.4296641
346.05,1.33665,210.5633291
346.15,1.3368,210.6970091
346.25,1.33665,210.8306741
346.35,1.336630769,210.9643372
346.45,1.33655,211.0979922
346.55,1.335826923,211.2315749
346.65,1.33615,211.3651899
346.75,1.335657692,211.4987556
346.85,1.33495,211.6322506
346.95,1.33515,211.7657656
347.05,1.3349,211.8992556
347.15,1.335107692,212.0327664
347.25,1.33425,212.1661914
347.35,1.334430769,212.2996345
347.45,1.33365,212.4329995
347.55,1.334007692,212.5664002
347.65,1.3335,212.6997502
347.75,1.333542308,212.8331045
347.85,1.3337,212.9664745
347.95,1.332611538,213.0997356
348.05,1.3324,213.2329756
348.15,1.332357692,213.3662114
348.25,1.33225,213.4994364
348.35,1.3324,213.6326764
348.45,1.3326,213.7659364
348.55,1.332061538,213.8991426
348.65,1.33195,214.0323376
348.75,1.332188462,214.1655564
348.85,1.33165,214.2987214
348.95,1.331469231,214.4318683
349.05,1.3311,214.5649783
349.15,1.330985714,214.6980769
349.25,1.33031,214.8311079
349.35,1.330115385,214.9641194
349.45,1.3298,215.0970994
349.55,1.329226923,215.2300221
349.65,1.32925,215.3629471
349.75,1.328719231,215.495819
349.85,1.32855,215.628674
349.95,1.328667857,215.7615408
350.05,1.328495,215.8943903
350.15,1.328235714,216.0272139
350.25,1.32833,216.1600469
350.35,1.327703846,216.2928173
350.45,1.32755,216.4255723
350.55,1.327534615,216.5583257
350.65,1.32765,216.6910907
350.75,1.32745,216.8238357
350.85,1.327395,216.9565752
350.95,1.3269,217.0892652
351.05,1.327395,217.2220047
351.15,1.327017857,217.3547065
351.25,1.326735,217.48738
351.35,1.326646154,217.6200447
351.45,1.32655,217.7526997
351.55,1.32635,217.8853347
351.65,1.3262,218.0179547
351.75,1.326223077,218.150577
351.85,1.326,218.283177
351.95,1.3258,218.415757
352.05,1.3258,218.548337
352.15,1.3258,218.680917
352.25,1.325305,218.8134475
352.35,1.3258,218.9460275
352.45,1.3253,219.0785575
352.55,1.325210714,219.2110785
352.65,1.32525,219.3436035
352.75,1.3247,219.4760735
352.85,1.3248,219.6085535
352.95,1.325132143,219.7410667
353.05,1.324755,219.8735422
353.15,1.324189286,220.0059612
353.25,1.32448,220.1384092
353.35,1.323992857,220.2708085
353.45,1.32393,220.4032015
353.55,1.323482143,220.5355497
353.65,1.32338,220.6678877
353.75,1.323246429,220.8002123
353.85,1.323435,220.9325558
353.95,1.323246429,221.0648805
354.05,1.32305,221.1971855
354.15,1.322814286,221.3294669
354.25,1.3225,221.4617169
354.35,1.322880769,221.594005
354.45,1.32255,221.72626
354.55,1.322421429,221.8585021
354.65,1.3225,221.9907521
354.75,1.322460714,222.1229982
354.85,1.322115,222.2552097
354.95,1.321989286,222.3874086
355.05,1.32195,222.5196036
355.15,1.32195,222.6517986
355.25,1.322005,222.7839991
355.35,1.321989286,222.916198
355.45,1.321785,223.0483765
355.55,1.321478571,223.1805244
355.65,1.3214,223.3126644
355.75,1.3214,223.4448044
355.85,1.3214,223.5769444
355.95,1.321242857,223.7090687
356.05,1.32118,223.8411867
356.15,1.3214,223.9733267
356.25,1.32107,224.1054337
356.35,1.321164286,224.2375501
356.45,1.32118,224.3696681
356.55,1.32085,224.5017531
356.65,1.321125,224.6338656
356.75,1.321046429,224.7659702
356.85,1.32085,224.8980552
356.95,1.321125,225.0301677
357.05,1.321125,225.1622802
357.15,1.320535714,225.2943338
357.25,1.320465,225.4263803
357.35,1.320025,225.5583828
357.45,1.320245,225.6904073
357.55,1.3203,225.8224373
357.65,1.3203,225.9544673
357.75,1.320142857,226.0864816
357.85,1.320245,226.2185061
357.95,1.31975,226.3504811
358.05,1.31975,226.4824561
358.15,1.31975,226.6144311
358.25,1.319255,226.7463566
358.35,1.319514286,226.878308
358.45,1.319475,227.0102555
358.55,1.319475,227.142203
358.65,1.318815,227.2740845
358.75,1.318689286,227.4059535
358.85,1.318705,227.537824
358.95,1.318964286,227.6697204
359.05,1.3189,227.8016104
359.15,1.319030769,227.9335135
359.25,1.3192,228.0654335
359.35,1.318807143,228.1973142
359.45,1.31865,228.3291792
359.55,1.318353846,228.4610146
359.65,1.318265,228.5928411
359.75,1.318807143,228.7247218
359.85,1.31865,228.8565868
359.95,1.318438462,228.9884306
360.05,1.31805,229.1202356
360.15,1.3181,229.2520456
360.25,1.3181,229.3838556
360.35,1.317888462,229.5156445
360.45,1.3179,229.6474345
360.55,1.317930769,229.7792276
360.65,1.31765,229.9109926
360.75,1.317126923,230.0427052
360.85,1.317,230.1744052
360.95,1.317,230.3061052
361.05,1.317,230.4378052
361.15,1.317507692,230.569556
361.25,1.317,230.701256
361.35,1.31645,230.832901
361.45,1.31645,230.964546
361.55,1.316407692,231.0961868
361.65,1.3163,231.2278168
361.75,1.316407692,231.3594576
361.85,1.31615,231.4910726
361.95,1.3159,231.6226626
362.05,1.31595,231.7542576
362.15,1.315730769,231.8858306
362.25,1.3161,232.0174406
362.35,1.3159,232.1490306
362.45,1.3159,232.2806206
362.55,1.315519231,232.4121726
362.65,1.3159,232.5437626
362.75,1.316365385,232.6753991
362.85,1.31595,232.8069941
362.95,1.31645,232.9386391
363.05,1.316,233.0702391
363.15,1.316026923,233.2018418
363.25,1.31615,233.3334568
363.35,1.315815385,233.4650383
363.45,1.31565,233.5966033
363.55,1.315730769,233.7281764
363.65,1.31535,233.8597114
363.75,1.314926923,233.9912041
363.85,1.3148,234.1226841
363.95,1.31425,234.2541091
364.05,1.31475,234.3855841
364.15,1.314292308,234.5170133
364.25,1.3139,234.6484033
364.35,1.313742308,234.7797776
364.45,1.31405,234.9111826
364.55,1.314123077,235.0425949
364.65,1.31425,235.1740199
364.75,1.31425,235.3054449
364.85,1.31425,235.4368699
364.95,1.314503846,235.5683202
365.05,1.31425,235.6997452
365.15,1.314207692,235.831166
365.25,1.31435,235.962601
365.35,1.314376923,236.0940387
365.45,1.3143,236.2254687
365.55,1.31425,236.3568937
365.65,1.31365,236.4882587
365.75,1.313403846,236.6195991
365.85,1.31315,236.7509141
365.95,1.313276923,236.8822418
366.05,1.3131,237.0135518
366.15,1.313065385,237.1448583
366.25,1.3131,237.2761683
366.35,1.313446154,237.4075129
366.45,1.31355,237.5388679
366.55,1.313446154,237.6702126
366.65,1.3135,237.8015626
366.75,1.313319231,237.9328945
366.85,1.3134,238.0642345
366.95,1.313361538,238.1955706
367.05,1.3132,238.3268906
367.15,1.313488462,238.4582395
367.25,1.31315,238.5895545
367.35,1.313319231,238.7208864
367.45,1.3134,238.8522264
367.55,1.31315,238.9835414
367.65,1.31275,239.1148164
367.75,1.312388462,239.2460552
367.85,1.3126,239.3773152
367.95,1.31205,239.5085202
368.05,1.31185,239.6397052
368.15,1.31205,239.7709102
368.25,1.31205,239.9021152
368.35,1.311584615,240.0332737
368.45,1.31185,240.1644587
368.55,1.312007692,240.2956595
368.65,1.3115,240.4268095
368.75,1.311880769,240.5579976
368.85,1.3113,240.6891276
368.95,1.311626923,240.8202902
369.05,1.3113,240.9514202
369.15,1.311161538,241.0825364
369.25,1.3106,241.2135964
369.35,1.310696154,241.344666
369.45,1.3104,241.475706
369.55,1.310230769,241.6067291
369.65,1.31065,241.7377941
369.75,1.310357692,241.8688299
369.85,1.31015,241.9998449
369.95,1.310273077,242.1308722
370.05,1.30985,242.2618572
370.15,1.309934615,242.3928506
370.25,1.31015,242.5238656
370.35,1.30985,242.6548506
370.45,1.30985,242.7858356
370.55,1.30985,242.9168206
370.65,1.30985,243.0478056
370.75,1.309638462,243.1787695
370.85,1.30985,243.3097545
370.95,1.309553846,243.4407099
371.05,1.3093,243.5716399
371.15,1.3093,243.7025699
371.25,1.3093,243.8334999
371.35,1.308919231,243.9643918
371.45,1.3091,244.0953018
371.55,1.309215385,244.2262233
371.65,1.3093,244.3571533
371.75,1.308834615,244.4880368
371.85,1.30925,244.6189618
371.95,1.311203846,244.7500822
372.05,1.3173,244.8818122
372.15,1.329819231,245.0147941
372.25,1.346791667,245.1494733
