Temp (K) ,cp (J/g-C),Enthalpy (J/g)
273.25,0.251469054,0.251469054
273.35,0.25480625,0.276949679
273.45,0.43848875,0.320798554
273.55,0.650868235,0.385885378
273.65,0.789130357,0.464798414
273.75,0.8995475,0.554753164
273.85,0.985343462,0.65328751
273.95,1.039454,0.75723291
274.05,1.08437,0.86566991
274.15,1.120736,0.97774351
274.25,1.149324091,1.092675919
274.35,1.166963,1.209372219
274.45,1.180337273,1.327405946
274.55,1.1911025,1.446516196
274.65,1.20328625,1.566844821
274.75,1.206614643,1.687506286
274.85,1.211039546,1.80861024
274.95,1.213576785,1.929967919
275.05,1.214304091,2.051398328
275.15,1.216447143,2.173043042
275.25,1.21547,2.294590042
275.35,1.216127693,2.416202811
275.45,1.21604,2.537806811
275.55,1.215075385,2.65931435
275.65,1.215780909,2.780892441
275.75,1.215775357,2.902469977
275.85,1.214304091,3.023900386
275.95,1.214220385,3.145322424
276.05,1.213526818,3.266675106
276.15,1.2124775,3.387922856
276.25,1.211272727,3.509050129
276.35,1.209485,3.629998629
276.45,1.208785454,3.750877174
276.55,1.207117307,3.871588905
276.65,1.2044975,3.992038655
276.75,1.202184615,4.112257116
276.85,1.201245909,4.232381707
276.95,1.197909615,4.352172669
277.05,1.195882727,4.471760942
277.15,1.193728572,4.591133799
277.25,1.191141364,4.710247935
277.35,1.189162307,4.829164166
277.45,1.186166818,4.947780848
277.55,1.184624231,5.066243271
277.65,1.181814091,5.18442468
277.75,1.178888215,5.302313501
277.85,1.175969,5.419910401
277.95,1.1740025,5.537310651
278.05,1.170621364,5.654372788
278.15,1.167918846,5.771164672
278.25,1.166346364,5.887799309
278.35,1.163643846,6.004163693
278.45,1.160827727,6.120246466
278.55,1.158250769,6.236071543
278.65,1.156941364,6.351765679
278.75,1.154948215,6.467260501
278.85,1.152542,6.582514701
278.95,1.150226923,6.697537393
279.05,1.14885125,6.812422518
279.15,1.146083462,6.927030864
279.25,1.142872727,7.041318137
279.35,1.141479615,7.155466099
279.45,1.139219546,7.269388053
279.55,1.137467693,7.383134822
279.65,1.134866818,7.496621504
279.75,1.133192693,7.609940773
279.85,1.131058182,7.723046592
279.95,1.128917693,7.835938361
280.05,1.127793636,7.948717724
280.15,1.125826538,8.061300378
280.25,1.124373636,8.173737742
280.35,1.122538077,8.28599155
280.45,1.121264546,8.398118004
280.55,1.11971,8.510089004
280.65,1.118777273,8.621966731
280.75,1.116947693,8.733661501
280.85,1.116056818,8.845267182
280.95,1.114457857,8.956712968
281.05,1.113041,9.068017068
281.15,1.111709643,9.179188032
281.25,1.1103905,9.290227082
281.35,1.108900357,9.401117118
281.45,1.107040454,9.511821164
281.55,1.106227307,9.622443894
281.65,1.105097273,9.732953622
281.75,1.104188462,9.843372468
281.85,1.102998636,9.953672331
281.95,1.101755,10.06384783
282.05,1.1009,10.17393783
282.15,1.100045,10.28394233
282.25,1.099811818,10.39392351
282.35,1.098663846,10.5037899
282.45,1.098101818,10.61360008
282.55,1.096559231,10.723256
282.65,1.096625,10.8329185
282.75,1.09577,10.9424955
282.85,1.094526364,11.05194814
282.95,1.094191538,11.16136729
283.05,1.092194546,11.27058675
283.15,1.092218462,11.37980859
283.25,1.091417273,11.48895032
283.35,1.091297693,11.59808009
283.45,1.09064,11.70714409
283.55,1.09064,11.81620809
283.65,1.090173636,11.92522545
283.75,1.089127307,12.03413818
283.85,1.08893,12.14303118
283.95,1.088206538,12.25185184
284.05,1.08893,12.36074484
284.15,1.088403846,12.46958522
284.25,1.087997273,12.57838495
284.35,1.08722,12.68710695
284.45,1.086675909,12.79577454
284.55,1.085575769,12.90433212
284.65,1.085665454,13.01289866
284.75,1.085246923,13.12142336
284.85,1.084655,13.22988886
284.95,1.084194615,13.33830832
285.05,1.084499546,13.44675827
285.15,1.083536923,13.55511196
285.25,1.082945,13.66340646
285.35,1.082945,13.77170096
285.45,1.083100454,13.88001101
285.55,1.082945,13.98830551
285.65,1.082945,14.09660001
285.75,1.082945,14.20489451
285.85,1.082945,14.31318901
285.95,1.082484615,14.42143747
286.05,1.082789546,14.52971643
286.15,1.082155769,14.637932
286.25,1.08209,14.746141
286.35,1.082287307,14.85436973
286.45,1.08209,14.96257873
286.55,1.081845715,15.0707633
286.65,1.081406,15.1789039
286.75,1.081235,15.2870274
286.85,1.081468182,15.39517422
286.95,1.081235,15.50329772
287.05,1.081064,15.61140412
287.15,1.081037693,15.71950789
287.25,1.080846364,15.82759253
287.35,1.081235,15.93571603
287.45,1.081235,16.04383953
287.55,1.080624285,16.15190196
287.65,1.0814915,16.26005111
287.75,1.0816625,16.36821736
287.85,1.0804655,16.47626391
287.95,1.081173928,16.5843813
288.05,1.081235,16.6925048
288.15,1.080577307,16.80056253
288.25,1.0808075,16.90864328
288.35,1.080868572,17.01673014
288.45,1.080209,17.12475104
288.55,1.081418215,17.23289286
288.65,1.081235,17.34101636
288.75,1.081357143,17.44915207
288.85,1.082012273,17.5573533
288.95,1.081761154,17.66552942
289.05,1.082556364,17.77378505
289.15,1.082221538,17.88200721
289.25,1.082945,17.99030171
289.35,1.082484615,18.09855017
289.45,1.082556364,18.2068058
289.55,1.082484615,18.31505427
289.65,1.082945,18.42334877
289.75,1.082484615,18.53159723
289.85,1.0825175,18.63984898
289.95,1.083250357,18.74817401
290.05,1.082945,18.85646851
290.15,1.082945,18.96476301
290.25,1.082945,19.07305751
290.35,1.083668462,19.18142436
290.45,1.084344091,19.28985877
290.55,1.084128846,19.39827165
290.65,1.084033182,19.50667497
290.75,1.084326154,19.61510759
290.85,1.084655,19.72357309
290.95,1.084655,19.83203859
291.05,1.084421818,19.94048077
291.15,1.085115385,20.04899231
291.25,1.084810454,20.15747335
291.35,1.085115385,20.26598489
291.45,1.085587727,20.37454366
291.55,1.085904615,20.48313413
291.65,1.086287273,20.59176285
291.75,1.086825385,20.70044539
291.85,1.086365,20.80908189
291.95,1.087088462,20.91779074
292.05,1.086986818,21.02648942
292.15,1.08722,21.13521142
292.25,1.087764091,21.24398783
292.35,1.087746154,21.35276244
292.45,1.08722,21.46148444
292.55,1.087417307,21.57022617
292.65,1.088541364,21.67908031
292.75,1.088206538,21.78790096
292.85,1.089318636,21.89683283
292.95,1.089521923,22.00578502
293.05,1.090329091,22.11481793
293.15,1.09064,22.22388193
293.25,1.09064,22.33294593
293.35,1.091166154,22.44206255
293.45,1.091417273,22.55120427
293.55,1.090968846,22.66030116
293.65,1.091728182,22.76947398
293.75,1.091823846,22.87865636
293.85,1.091883636,22.98784472
293.95,1.09235,23.09707972
294.05,1.09235,23.20631472
294.15,1.093139231,23.31562865
294.25,1.093515909,23.42498024
294.35,1.09406,23.53438624
294.45,1.094526364,23.64383887
294.55,1.095309615,23.75336984
294.65,1.094915,23.86286134
294.75,1.095309615,23.9723923
294.85,1.09577,24.0819693
294.95,1.096559231,24.19162522
295.05,1.096702727,24.30129549
295.15,1.096625,24.41095799
295.25,1.096625,24.52062049
295.35,1.096690769,24.63028957
295.45,1.098257273,24.7401153
295.55,1.098335,24.8499488
295.65,1.099734091,24.95992221
295.75,1.100834231,25.07000563
295.85,1.100278182,25.18003345
295.95,1.1009,25.29012345
296.05,1.1009,25.40021345
296.15,1.101755,25.51038895
296.25,1.102221364,25.62061108
296.35,1.102544231,25.73086551
296.45,1.102998636,25.84116537
296.55,1.103859615,25.95155133
296.65,1.104086818,26.06196001
296.75,1.104583077,26.17241832
296.85,1.104708636,26.28288918
296.95,1.104714615,26.39336065
297.05,1.105175,26.50387815
297.15,1.105438077,26.61442195
297.25,1.10603,26.72502495
297.35,1.106687693,26.83569372
297.45,1.107040454,26.94639777
297.55,1.107871538,27.05718492
297.65,1.108284091,27.16801333
297.75,1.108858077,27.27889914
297.85,1.109838636,27.389883
297.95,1.110305,27.5009135
298.05,1.11116,27.6120295
298.15,1.11116,27.7231455
298.25,1.111859546,27.83433146
298.35,1.112278077,27.94555926
298.45,1.11287,28.05684626
298.55,1.113067307,28.168153
298.65,1.114113636,28.27956436
298.75,1.11458,28.39102236
298.85,1.115435,28.50256586
298.95,1.115435,28.61410936
299.05,1.115512727,28.72566063
299.15,1.116816154,28.83734225
299.25,1.116600909,28.94900234
299.35,1.117145,29.06071684
299.45,1.117533636,29.1724702
299.55,1.118526154,29.28432282
299.65,1.119010454,29.39622386
299.75,1.119644231,29.50818829
299.85,1.119787727,29.62016706
299.95,1.120762307,29.73224329
300.05,1.121653182,29.84440861
300.15,1.122538077,29.95666242
300.25,1.123829546,30.06904537
300.35,1.124708462,30.18151622
300.45,1.125150909,30.29403131
300.55,1.125695,30.40660081
300.65,1.125695,30.51917031
300.75,1.126488928,30.6318192
300.85,1.1269775,30.74451695
300.95,1.127954643,30.85731241
301.05,1.128773,30.97018971
301.15,1.128870715,31.08307679
301.25,1.129286,31.19600539
301.35,1.130364615,31.30904185
301.45,1.131291364,31.42217098
301.55,1.1321075,31.53538173
301.65,1.1331335,31.64869508
301.75,1.134245,31.76211958
301.85,1.1345015,31.87556973
301.95,1.135405357,31.98911027
302.05,1.136981,32.10280837
302.15,1.136871072,32.21649548
302.25,1.138178,32.33031328
302.35,1.138275715,32.44414085
302.45,1.139375,32.55807835
302.55,1.139619285,32.67204028
302.65,1.1399735,32.78603763
302.75,1.140962857,32.90013391
302.85,1.14194,33.01432791
302.95,1.142729231,33.12860083
303.05,1.142872727,33.24288811
303.15,1.143715769,33.35725968
303.25,1.1442485,33.47168453
303.35,1.14536,33.58622053
303.45,1.146215,33.70084203
303.55,1.1466425,33.81550628
303.65,1.147925,33.93029878
303.75,1.149146428,34.04521343
303.85,1.1493785,34.16015128
303.95,1.150551072,34.27520638
304.05,1.151345,34.39034088
304.15,1.152566428,34.50559753
304.25,1.15391,34.62098853
304.35,1.154304615,34.73641899
304.45,1.154081,34.85182709
304.55,1.1551925,34.96734634
304.65,1.156304,35.08297674
304.75,1.157391072,35.19871585
304.85,1.158418182,35.31455766
304.95,1.159368846,35.43049455
305.05,1.160128182,35.54650737
305.15,1.160881538,35.66259552
305.25,1.161760454,35.77877157
305.35,1.162328462,35.89500441
305.45,1.163625909,36.011367
305.55,1.163643846,36.12773139
305.65,1.16588,36.24431939
305.75,1.165945769,36.36091396
305.85,1.16759,36.47767296
305.95,1.168510769,36.59452404
306.05,1.1693,36.71145404
306.15,1.170155,36.82846954
306.25,1.171865,36.94565604
306.35,1.172588462,37.06291489
306.45,1.17443,37.18035789
306.55,1.175811154,37.297939
306.65,1.176217727,37.41556078
306.75,1.177652693,37.53332605
306.85,1.178705,37.65119655
306.95,1.179428462,37.76913939
307.05,1.180648182,37.88720421
307.15,1.181927693,38.00539698
307.25,1.182125,38.12360948
307.35,1.184032307,38.24201271
307.45,1.185545,38.36056721
307.55,1.186334231,38.47920063
307.65,1.187799091,38.59798054
307.75,1.188438846,38.71682443
307.85,1.190208636,38.83584529
307.95,1.191003846,38.95494567
308.05,1.192618182,39.07420749
308.15,1.193897693,39.19359726
308.25,1.195494091,39.31314667
308.35,1.19666,39.43281267
308.45,1.197126364,39.55252531
308.55,1.199159231,39.67244123
308.65,1.20008,39.79244923
308.75,1.202053077,39.91265454
308.85,1.2035,40.03300454
308.95,1.204683846,40.15347292
309.05,1.205754091,40.27404833
309.15,1.207446154,40.39479295
309.25,1.208707727,40.51566372
309.35,1.210866154,40.63675034
309.45,1.212127727,40.75796311
309.55,1.214088846,40.87937199
309.65,1.215392273,41.00091122
309.75,1.21718,41.12262922
309.85,1.219667273,41.24459595
309.95,1.220731538,41.3666691
310.05,1.222931818,41.48896228
310.15,1.225006538,41.61146294
310.25,1.226351818,41.73409812
310.35,1.227966154,41.85689473
310.45,1.230160454,41.97991078
310.55,1.232241154,42.10313489
310.65,1.234124546,42.22654735
310.75,1.236976538,42.350245
310.85,1.238865909,42.47413159
310.95,1.241777693,42.59830936
311.05,1.244928636,42.72280223
311.15,1.247631154,42.84756534
311.25,1.250913636,42.97265671
311.35,1.253353077,43.09799201
311.45,1.256743182,43.22366633
311.55,1.260052143,43.34967155
311.65,1.264205,43.47609205
311.75,1.267808215,43.60287287
311.85,1.2724985,43.73012272
311.95,1.2783125,43.85795397
312.05,1.2860075,43.98655472
312.15,1.291076428,44.11566236
312.25,1.2967805,44.24534041
312.35,1.304634285,44.37580384
312.45,1.315349546,44.50733879
312.55,1.327080385,44.64004683
312.65,1.345663182,44.77461315
312.75,1.351875385,44.90980069
312.85,1.361675,45.04596819
312.95,1.378906538,45.18385884
313.05,1.391833182,45.32304216
313.15,1.407845,45.46382666
313.25,1.420359091,45.60586257
313.35,1.443886538,45.75025122
313.45,1.455336364,45.89578486
313.55,1.471312307,46.04291609
313.65,1.491090909,46.19202518
313.75,1.506963928,46.34272157
313.85,1.522073,46.49492887
313.95,1.542202143,46.64914909
314.05,1.567652273,46.80591432
314.15,1.587395,46.96465382
314.25,1.609625,47.12561632
314.35,1.63271,47.28888732
314.45,1.657660454,47.45465336
314.55,1.676051923,47.62225855
314.65,1.71308,47.79356655
314.75,1.745898846,47.96815644
314.85,1.775261818,48.14568262
314.95,1.806946785,48.3263773
315.05,1.8417575,48.51055305
315.15,1.881515,48.69870455
315.25,1.921933182,48.89089787
315.35,1.970237693,49.08792164
315.45,2.015672273,49.28948886
315.55,2.065278928,49.49601676
315.65,2.117883636,49.70780512
315.75,2.165703846,49.9243755
315.85,2.219628636,50.14633837
315.95,2.272381538,50.37357652
316.05,2.323938636,50.60597039
316.15,2.379186072,50.84388899
316.25,2.431357727,51.08702477
316.35,2.477976154,51.33482238
316.45,2.522143182,51.5870367
316.55,2.570278572,51.84406456
316.65,2.607565454,52.1048211
316.75,2.640623462,52.36888345
316.85,2.667648636,52.63564831
316.95,2.690345,52.90468281
317.05,2.704180454,53.17510086
317.15,2.720880715,53.44718893
317.25,2.726954546,53.71988438
317.35,2.727965,53.99268088
317.45,2.72882,54.26556288
317.55,2.727175769,54.53828046
317.65,2.723223636,54.81060282
317.75,2.716718462,55.08227467
317.85,2.712186364,55.35349331
317.95,2.704419615,55.62393527
318.05,2.697029546,55.89363822
318.15,2.689621538,56.16260038
318.25,2.679074546,56.43050783
318.35,2.669627693,56.6974706
318.45,2.655756364,56.96304624
318.55,2.646148077,57.22766104
318.65,2.638361,57.49149714
318.75,2.635075357,57.75500468
318.85,2.631692,58.01817388
318.95,2.629701072,58.28114399
319.05,2.6298965,58.54413364
319.15,2.630189643,58.8071526
319.25,2.634847727,59.07063737
319.35,2.644438077,59.33508118
319.45,2.660762,59.60115738
319.55,2.698956072,59.87105299
319.65,2.73737,60.14478999
319.75,2.787420385,60.42353203
319.85,2.839425909,60.70747462
319.95,2.902319231,60.99770654
320.05,2.956560909,61.29336263
320.15,3.0267875,61.59604138
320.25,3.09134,61.90517538
320.35,3.168158462,62.22199123
320.45,3.242208636,62.54621209
320.55,3.334098928,62.87962198
320.65,3.411420909,63.22076408
320.75,3.515288462,63.57229292
320.85,3.612423636,63.93353528
320.95,3.712680715,64.30480336
321.05,3.835656364,64.68836899
321.15,3.957516072,65.0841206
321.25,4.084305909,65.49255119
321.35,4.222382857,65.91478948
321.45,4.366533636,66.35144284
321.55,4.516258572,66.8030687
321.65,4.686692273,67.27173792
321.75,4.853006428,67.75703857
321.85,5.043875,68.26142607
321.95,5.240415385,68.78546761
322.05,5.453135,69.33078111
322.15,5.689135357,69.89969464
322.25,5.9221025,70.49190489
322.35,6.195661785,71.11147107
322.45,6.460661818,71.75753725
322.55,6.754901,72.43302735
322.65,7.067012273,73.13972858
322.75,7.403333,73.88006188
322.85,7.78008875,74.65807075
322.95,8.150008572,75.47307161
323.05,8.56255625,76.32932724
323.15,9.014837003,77.23081094
323.25,9.493081253,78.18011906
323.35,10.018892,79.18200826
323.45,10.55983625,80.23799189
323.55,11.173712,81.35536309
323.65,11.84147577,82.53951066
323.75,12.587654,83.79827606
323.85,13.40487615,85.13876368
323.95,14.32203219,86.5709669
324.05,15.39597385,88.11056428
324.15,16.65340029,89.77590431
324.25,18.10704731,91.58660904
324.35,19.82016941,93.56862598
324.45,22.04783,95.77340898
324.55,24.81214,98.25462298
324.65,28.165925,101.0712155
324.75,32.59498786,104.3307143
324.85,38.057015,108.1364158
324.95,44.01015304,112.5374311
325.05,50.5844525,117.5958763
325.15,57.70877288,123.3667536
325.25,64.796975,129.8464511
325.35,72.80360666,137.1268118
325.45,79.24140977,145.0509528
325.55,85.59700785,153.6106535
325.65,88.96532478,162.507186
325.75,89.92882308,171.5000683
325.85,86.22824825,180.1228932
325.95,75.71437087,187.6943302
326.05,66.11610588,194.3059408
326.15,57.819434,200.0878842
326.25,50.7289475,205.160779
326.35,46.03076136,209.7638551
326.45,41.563775,213.9202326
326.55,36.23129546,217.5433622
326.65,31.43320063,220.6866822
326.75,27.887024,223.4753846
326.85,25.06719125,225.9821037
326.95,22.8795455,228.2700583
327.05,19.901495,230.2602078
327.15,17.468165,232.0070243
327.25,15.091778,233.5162021
327.35,12.437345,234.7599366
327.45,10.281035,235.7880401
327.55,9.02675,236.6907151
327.65,8.0755625,237.4982713
327.75,7.28597,238.2268683
327.85,6.6331775,238.8901861
327.95,6.009284,239.4911145
328.05,5.4532775,240.0364422
328.15,5.02812875,240.5392551
328.25,4.644362,241.0036913
328.35,4.30544,241.4342353
328.45,4.0613375,241.8403691
328.55,3.8316275,242.2235318
328.65,3.632384,242.5867702
328.75,3.474135715,242.9341838
328.85,3.345959,243.2687797
328.95,3.238033572,243.592583
329.05,3.1145675,243.9040398
329.15,3.0332,244.2073598
329.25,2.922782857,244.4996381
329.35,2.81581625,244.7812197
329.45,2.722224285,245.0534421
329.55,2.6152,245.3149621
329.65,2.50929875,245.565892
329.75,2.412945,245.8071865
329.85,2.30702,246.0378885
329.95,2.1981215,246.2577007
330.05,2.10733,246.4684337
330.15,2.011630454,246.6695967
330.25,1.92911,246.8625077
330.35,1.856409091,247.0481486
330.45,1.788833,247.2270319
330.55,1.71764,247.3987959
330.65,1.655282,247.5643241
330.75,1.60592,247.7249161
330.85,1.562429,247.881159
330.95,1.520507693,248.0332098
331.05,1.494542,248.182664
331.15,1.460526154,248.3287166
331.25,1.430075,248.4717241
331.35,1.422971923,248.6140213
331.45,1.403912,248.7544125
331.55,1.390745,248.893487
331.65,1.373567273,249.0308437
331.75,1.370816923,249.1679254
331.85,1.361597273,249.3040851
331.95,1.357005385,249.4397857
332.05,1.354151,249.5752008
332.15,1.352138462,249.7104146
332.25,1.347606364,249.8451753
332.35,1.343456923,249.979521
332.45,1.340144546,250.1135354
332.55,1.337866538,250.2473221
332.65,1.335092273,250.3808313
332.75,1.330763462,250.5139076
332.85,1.327785909,250.6466862
332.95,1.325370385,250.7792233
333.05,1.322966818,250.9115199
333.15,1.321884615,251.0437084
333.25,1.319546818,251.1756631
333.35,1.317412307,251.3074043
333.45,1.31636,251.4390403
333.55,1.313795,251.5704198
333.65,1.312473636,251.7016672
333.75,1.311098462,251.832777
333.85,1.308820454,251.9636591
333.95,1.308007307,252.0944598
334.05,1.306955,252.2251553
334.15,1.305179231,252.3556732
334.25,1.302990909,252.4859723
334.35,1.302088077,252.6161811
334.45,1.300892273,252.7462704
334.55,1.299720385,252.8762424
334.65,1.299337727,253.0061762
334.75,1.29755,253.1359312
334.85,1.296850454,253.2656162
334.95,1.296234615,253.3952397
335.05,1.295451364,253.5247848
335.15,1.295248077,253.6543096
335.25,1.294674091,253.783777
335.35,1.293275,253.9131045
335.45,1.292964091,254.0424009
335.55,1.292156923,254.1716166
335.65,1.291798182,254.3007964
335.75,1.291565,254.4299529
335.85,1.291409546,254.5590939
335.95,1.289986538,254.6880926
336.05,1.289233182,254.8170159
336.15,1.289,254.9459159
336.25,1.288067273,255.0747226
336.35,1.287618846,255.2034845
336.45,1.286279546,255.3321124
336.55,1.286500769,255.4607625
336.65,1.28558,255.5893205
336.75,1.284988077,255.7178193
336.85,1.284258636,255.8462452
336.95,1.284527693,255.974698
337.05,1.284336364,256.1031316
337.15,1.284264615,256.2315581
337.25,1.284025454,256.3599606
337.35,1.284264615,256.4883871
337.45,1.284103182,256.6167974
337.55,1.284198846,256.7452173
337.65,1.283170454,256.8735343
337.75,1.283212307,257.0018555
337.85,1.282626364,257.1301182
337.95,1.282620385,257.2583802
338.05,1.281849091,257.3865651
338.15,1.281765385,257.5147417
338.25,1.28045,257.6427867
338.35,1.280318462,257.7708185
338.45,1.279905909,257.8988091
338.55,1.280121154,258.0268212
338.65,1.280216818,258.1548429
338.75,1.279331923,258.2827761
338.85,1.278662273,258.4106423
338.95,1.278608462,258.5385032
339.05,1.278195909,258.6663228
339.15,1.277358846,258.7940586
339.25,1.277729546,258.9218316
339.35,1.277424615,259.0495741
339.45,1.277418636,259.1773159
339.55,1.276964231,259.3050123
339.65,1.276408182,259.4326532
339.75,1.276701154,259.5603233
339.85,1.276719091,259.6879952
339.95,1.275846154,259.8155798
340.05,1.276175,259.9431973
340.15,1.276635385,260.0708608
340.25,1.276485909,260.1985094
340.35,1.276372307,260.3261467
340.45,1.276796818,260.4538263
340.55,1.276175,260.5814438
340.65,1.276408182,260.7090847
340.75,1.276175,260.8367022
340.85,1.276175,260.9643197
340.95,1.276372307,261.0919569
341.05,1.27532,261.2194889
341.15,1.274728077,261.3469617
341.25,1.274465,261.4744082
341.35,1.275056923,261.6019139
341.45,1.274231818,261.7293371
341.55,1.27532,261.8568691
341.65,1.275009091,261.98437
341.75,1.27532,262.111902
341.85,1.275086818,262.2394107
341.95,1.274793846,262.3668901
342.05,1.274465,262.4943366
342.15,1.274596538,262.6217962
342.25,1.274698182,262.749266
342.35,1.273215385,262.8765876
342.45,1.273687727,263.0039563
342.55,1.273281154,263.1312844
342.65,1.273920909,263.2586765
342.75,1.273083846,263.3859849
342.85,1.272521818,263.5132371
342.95,1.272689231,263.640506
343.05,1.272366364,263.7677427
343.15,1.272097307,263.8949524
343.25,1.2719,264.0221424
343.35,1.273215385,264.1494639
343.45,1.272755,264.2767394
343.55,1.272360385,264.4039755
343.65,1.272055454,264.531181
343.75,1.271768462,264.6583579
343.85,1.271666818,264.7855245
343.95,1.271834231,264.912708
344.05,1.270345454,265.0397425
344.15,1.270979231,265.1668404
344.25,1.270267727,265.2938672
344.35,1.270255769,265.4208928
344.45,1.27019,265.5479118
344.55,1.270518846,265.6749637
344.65,1.270423182,265.802006
344.75,1.269992693,265.9290053
344.85,1.270500909,266.0560554
344.95,1.269795385,266.1830349
345.05,1.27019,266.3100539
345.15,1.269992693,266.4370532
345.25,1.269335,266.5639867
345.35,1.269071923,266.6908939
345.45,1.269257273,266.8178196
345.55,1.269335,266.9447531
345.65,1.269024091,267.0716555
345.75,1.268874615,267.1985429
345.85,1.268868636,267.3254298
345.95,1.26848,267.4522778
346.05,1.268246818,267.5791025
346.15,1.26848,267.7059505
346.25,1.268246818,267.8327752
346.35,1.268216923,267.9595969
346.45,1.268091364,268.086406
346.55,1.266967307,268.2131027
346.65,1.267469546,268.3398497
346.75,1.266704231,268.4665201
346.85,1.265604091,268.5930805
346.95,1.265915,268.719672
347.05,1.265526364,268.8462247
347.15,1.265849231,268.9728096
347.25,1.264515909,269.0992612
347.35,1.264796923,269.2257409
347.45,1.263583182,269.3520992
347.55,1.264139231,269.4785131
347.65,1.26335,269.6048481
347.75,1.263415769,269.7311897
347.85,1.263660909,269.8575558
347.95,1.261968846,269.9837527
348.05,1.26164,270.1099167
348.15,1.261574231,270.2360741
348.25,1.261406818,270.3622148
348.35,1.26164,270.4883788
348.45,1.261950909,270.6145739
348.55,1.261113846,270.7406852
348.65,1.260940454,270.8667793
348.75,1.261311154,270.9929104
348.85,1.260474091,271.1189578
348.95,1.260193077,271.2449771
349.05,1.259619091,271.370939
349.15,1.259441428,271.4968832
349.25,1.258391,271.6227223
349.35,1.258088462,271.7485311
349.45,1.257598182,271.8742909
349.55,1.256707307,271.9999617
349.65,1.256743182,272.125636
349.75,1.255918077,272.2512278
349.85,1.255655,272.3767933
349.95,1.255838215,272.5023771
350.05,1.2555695,272.6279341
350.15,1.255166428,272.7534507
350.25,1.255313,272.878982
350.35,1.254339615,273.004416
350.45,1.254100454,273.129826
350.55,1.254076538,273.2552337
350.65,1.254255909,273.3806593
350.75,1.253945,273.5060538
350.85,1.2538595,273.6314397
350.95,1.25309,273.7567487
351.05,1.2538595,273.8821347
351.15,1.253273215,274.007462
351.25,1.2528335,274.1327453
351.35,1.252695385,274.2580149
351.45,1.252545909,274.3832695
351.55,1.252235,274.508493
351.65,1.252001818,274.6336931
351.75,1.252037693,274.7588969
351.85,1.251690909,274.884066
351.95,1.25138,275.009204
352.05,1.25138,275.134342
352.15,1.25138,275.25948
352.25,1.2506105,275.384541
352.35,1.25138,275.509679
352.45,1.250602727,275.6347393
352.55,1.250463928,275.7597857
352.65,1.250525,275.8848382
352.75,1.24967,276.0098052
352.85,1.249825454,276.1347878
352.95,1.250341785,276.2598219
353.05,1.2497555,276.3847975
353.15,1.248876072,276.5096851
353.25,1.249328,276.6346179
353.35,1.248570715,276.759475
353.45,1.248473,276.8843223
353.55,1.247776785,277.0090999
353.65,1.247618,277.1338617
353.75,1.247410357,277.2586028
353.85,1.2477035,277.3833731
353.95,1.247410357,277.5081142
354.05,1.247105,277.6328247
354.15,1.246738572,277.7574985
354.25,1.24625,277.8821235
354.35,1.246841923,278.0068077
354.45,1.246327727,278.1314405
354.55,1.246127857,278.2560533
354.65,1.24625,278.3806783
354.75,1.246188928,278.5052972
354.85,1.2456515,278.6298623
354.95,1.245456072,278.7544079
355.05,1.245395,278.8789474
355.15,1.245395,279.0034869
355.25,1.2454805,279.128035
355.35,1.245456072,279.2525806
355.45,1.2451385,279.3770944
355.55,1.244662143,279.5015606
355.65,1.24454,279.6260146
355.75,1.24454,279.7504686
355.85,1.24454,279.8749226
355.95,1.244295715,279.9993522
356.05,1.244198,280.123772
356.15,1.24454,280.248226
356.25,1.244027,280.3726287
356.35,1.244173572,280.4970461
356.45,1.244198,280.6214659
356.55,1.243685,280.7458344
356.65,1.2441125,280.8702456
356.75,1.243990357,280.9946447
356.85,1.243685,281.1190132
356.95,1.2441125,281.2434244
357.05,1.2441125,281.3678357
357.15,1.243196428,281.4921553
357.25,1.2430865,281.616464
357.35,1.2424025,281.7407042
357.45,1.2427445,281.8649787
357.55,1.24283,281.9892617
357.65,1.24283,282.1135447
357.75,1.242585715,282.2378032
357.85,1.2427445,282.3620777
357.95,1.241975,282.4862752
358.05,1.241975,282.6104727
358.15,1.241975,282.7346702
358.25,1.2412055,282.8587907
358.35,1.241608572,282.9829516
358.45,1.2415475,283.1071063
358.55,1.2415475,283.2312611
358.65,1.2405215,283.3553132
358.75,1.240326072,283.4793458
358.85,1.2403505,283.6033809
358.95,1.240753572,283.7274562
359.05,1.240653636,283.8515216
359.15,1.240856923,283.9756073
359.25,1.24112,284.0997193
359.35,1.240509285,284.2237702
359.45,1.240265,284.3477967
359.55,1.239804615,284.4717772
359.65,1.2396665,284.5957438
359.75,1.240509285,284.7197948
359.85,1.240265,284.8438213
359.95,1.239936154,284.9678149
360.05,1.239332273,285.0917481
360.15,1.23941,285.2156891
360.25,1.23941,285.3396301
360.35,1.239081154,285.4635382
360.45,1.239099091,285.5874481
360.55,1.239146923,285.7113628
360.65,1.238710454,285.8352339
360.75,1.237897307,285.9590236
360.85,1.2377,286.0827936
360.95,1.2377,286.2065636
361.05,1.2377,286.3303336
361.15,1.238489231,286.4541825
361.25,1.2377,286.5779525
361.35,1.236845,286.701637
361.45,1.236845,286.8253215
361.55,1.236779231,286.9489995
361.65,1.236611818,287.0726606
361.75,1.236779231,287.1963386
361.85,1.236378636,287.3199764
361.95,1.23599,287.4435754
362.05,1.236067727,287.5671822
362.15,1.235726923,287.6907549
362.25,1.236300909,287.814385
362.35,1.23599,287.937984
362.45,1.23599,288.061583
362.55,1.235398077,288.1851228
362.65,1.23599,288.3087218
362.75,1.236713462,288.4323931
362.85,1.236067727,288.5559999
362.95,1.236845,288.6796844
363.05,1.236145454,288.8032989
363.15,1.236187307,288.9269177
363.25,1.236378636,289.0505555
363.35,1.235858462,289.1741414
363.45,1.235601364,289.2977015
363.55,1.235726923,289.4212742
363.65,1.235135,289.5447877
363.75,1.234477307,289.6682354
363.85,1.23428,289.7916634
363.95,1.233425,289.9150059
364.05,1.234202273,290.0384262
364.15,1.233490769,290.1617753
364.25,1.232880909,290.2850633
364.35,1.232635769,290.4083269
364.45,1.233114091,290.5316383
364.55,1.233227693,290.6549611
364.65,1.233425,290.7783036
364.75,1.233425,290.9016461
364.85,1.233425,291.0249886
364.95,1.233819615,291.1483706
365.05,1.233425,291.2717131
365.15,1.233359231,291.395049
365.25,1.233580454,291.518407
365.35,1.233622307,291.6417693
365.45,1.233502727,291.7651195
365.55,1.233425,291.888462
365.65,1.232492273,292.0117113
365.75,1.232109615,292.1349222
365.85,1.231715,292.2580937
365.95,1.231912307,292.381285
366.05,1.231637273,292.5044487
366.15,1.231583462,292.627607
366.25,1.231637273,292.7507708
366.35,1.232175385,292.8739883
366.45,1.232336818,292.997222
366.55,1.232175385,293.1204395
366.65,1.232259091,293.2436654
366.75,1.231978077,293.3668632
366.85,1.232103636,293.4900736
366.95,1.232043846,293.613278
367.05,1.231792727,293.7364572
367.15,1.232241154,293.8596814
367.25,1.231715,293.9828529
367.35,1.231978077,294.1060507
367.45,1.232103636,294.229261
367.55,1.231715,294.3524325
367.65,1.231093182,294.4755419
367.75,1.230531154,294.598595
367.85,1.23086,294.721681
367.95,1.230005,294.8446815
368.05,1.229694091,294.9676509
368.15,1.230005,295.0906514
368.25,1.230005,295.2136519
368.35,1.229281538,295.33658
368.45,1.229694091,295.4595494
368.55,1.229939231,295.5825434
368.65,1.22915,295.7054584
368.75,1.229741923,295.8284326
368.85,1.228839091,295.9513165
368.95,1.229347307,296.0742512
369.05,1.228839091,296.1971351
369.15,1.228623846,296.3199975
369.25,1.227750909,296.4427726
369.35,1.227900385,296.5655626
369.45,1.22744,296.6883066
369.55,1.227176923,296.8110243
369.65,1.227828636,296.9338072
369.75,1.227374231,297.0565446
369.85,1.227051364,297.1792497
369.95,1.227242693,297.301974
370.05,1.226585,297.4246325
370.15,1.226716538,297.5473042
370.25,1.227051364,297.6700093
370.35,1.226585,297.7926678
370.45,1.226585,297.9153263
370.55,1.226585,298.0379848
370.65,1.226585,298.1606433
370.75,1.226256154,298.2832689
370.85,1.226585,298.4059274
370.95,1.226124615,298.5285399
371.05,1.22573,298.6511129
371.15,1.22573,298.7736859
371.25,1.22573,298.8962589
371.35,1.225138077,299.0187727
371.45,1.225419091,299.1413146
371.55,1.225598462,299.2638744
371.65,1.22573,299.3864474
371.75,1.225006538,299.5089481
371.85,1.225652273,299.6315133
371.95,1.228689615,299.7543823
372.05,1.238166364,299.8781989
372.15,1.257628077,300.0039617
372.25,1.2840125,300.132363
